Course Name,Instructor,Days,Class Time,Room,Subject,Course Number,Section,Attribute,CRN
FINANCIAL ACCOUNTING,"Behrend, Matthew J","['T', 'Th']",14:00 - 15:15,TRUS 303,ACCT,2301,1,EXCHANGE ELIGIBLE,40564
FINANCIAL ACCOUNTING,"Behrend, Matthew J","['T', 'Th']",11:00 - 12:15,TRUS 203,ACCT,2301,2,EXCHANGE ELIGIBLE,40565
MANAGERIAL ACCOUNTING,"Nketia, Joseph","['M', 'W', 'F']",11:00 - 11:50,TRUS 203,ACCT,2303,1,EXCHANGE ELIGIBLE,40566
MANAGERIAL ACCOUNTING,"Nketia, Joseph","['M', 'W', 'F']",12:00 - 12:50,TRUS 203,ACCT,2303,2,EXCHANGE ELIGIBLE,40567
INTERMEDIATE ACCOUNTING I,"Huff, Gary","['M', 'W']",17:00 - 18:15,TRUS 211,ACCT,3331,1,,40568
INTERMEDIATE ACCOUNTING I,"Lopez, Katherine Jami-Lenee","['T', 'Th']",09:30 - 10:45,MOOD 303,ACCT,3331,2,,40569
COST ACCOUNTING,"Nketia, Joseph","['M', 'W']",14:00 - 15:15,TRUS 215,ACCT,3333,1,,40570
AUDITING,"Tedesco, Fred","['M', 'W']",15:30 - 16:45,TRUS 216,ACCT,4343,1,,40571
ACCOUNTING INFORMATION SYSTEMS,"Behrend, Matthew J","['T', 'Th']",09:30 - 10:45,TRUS 205,ACCT,4346,1,,40572
ACCOUNTING INTERNSHIP,"Elley, Michelle Daley",[],,None None,ACCT,4350,1,INTERNSHIP,40573
RESEARCH IN ACCOUNTING,"Behrend, Matthew J",[],,None None,ACCT,4357,1,RESEARCH,40574
ACCOUNTING THEORY &amp; PRACTICE,,[],09:00 - 11:50,None None,ACCT,6309,1,,40542
ADVANCED ACCOUNTING PROBLEMS,"Allison, John Leslie",[],13:00 - 15:50,None None,ACCT,6310,1,,40543
ACCOUNTING FOR MANAGERS,"Gonzalez de la Fuente, Jesus Mario",[],13:00 - 15:50,None None,ACCT,6315,1,,40657
FINANCIAL STATEMENT ANALYSIS,"Xie, Jane Qian",[],13:00 - 15:50,TRUS 305,ACCT,6316,1,,40659
AUDITING,,[],09:00 - 11:50,None None,ACCT,6343,1,,40544
FOUNDATIONS IN ANIMATION,"Stern, Jeanne Ellen Ganung","['M', 'W']",14:30 - 16:20,LIBR 115,ANIM,3328,1,EXCHANGE ELIGIBLE,40272
COMPOSITING &amp; VISUAL EFFECTS,"Byrne, Bill","['M', 'W']",12:00 - 13:50,MOOD 301,ANIM,4335,1,EXCHANGE ELIGIBLE,40274
PRINCIPLES OF APPLIED BEHAVIOR ANALYSIS I,"Shpall, Cayenne Sarah",['W'],19:00 - 20:30,None None,EDBA,6301,1,,40062
PRINCIPLES OF APPLIED BEHAVIOR ANALYSIS I,"O&#39;Toole, Cyndi",['T'],19:00 - 20:30,None None,EDBA,6301,2,,40063
FOUNDATION-BEHAVIORAL ANALYSIS,"Shpall, Cayenne Sarah",['W'],19:00 - 20:30,None None,EDBA,6302,1,,40064
FOUNDATION-BEHAVIORAL ANALYSIS,"Shpall, Cayenne Sarah",['T'],19:00 - 20:30,None None,EDBA,6302,2,,40065
CHILD DEVELOPMENT: A BEHAVIORAL SYSTEMS APPROACH,"O&#39;Toole, Cyndi",['W'],19:00 - 20:30,None None,EDBA,6309,1,,40066
CHILD DEVELOPMENT: A BEHAVIORAL SYSTEMS APPROACH,"O&#39;Toole, Cyndi",['T'],19:00 - 20:30,None None,EDBA,6309,2,,40067
FUNCTIONAL BEHAVIOR ASSESSMENT,"O&#39;Toole, Cyndi",['Th'],19:00 - 20:30,None None,EDBA,6314,1,,40068
DEVELOPMENT OF APPLIED BEHAVIORAL ANALYSIS INTERVENTION PROGRAMS,"Oshinski, Molly",['Th'],19:00 - 20:30,None None,EDBA,6315,1,,40069
ORGANIZATIONAL BEHAVIOR MANAGEMENT,"Watson, Jacob Ray",['W'],19:00 - 20:30,None None,EDBA,6316,1,,40070
ORGANIZATIONAL BEHAVIOR MANAGEMENT,"Watson, Jacob Ray",['T'],19:00 - 20:30,None None,EDBA,6316,2,,40071
FOUNDATION ART &amp; DESIGN,"Phan, Tuan Duc","['T', 'Th']",12:30 - 14:20,ARTS 113,ARTS,1311,1,EXCHANGE ELIGIBLE,40275
FOUNDATION DRAWING,"Lai, Renee Hoi Yee","['M', 'W']",09:00 - 10:50,ARTS 114,ARTS,1316,1,EXCHANGE ELIGIBLE,40276
FOUNDATION DRAWING,"Haughey, Donald J.","['M', 'W']",11:00 - 12:50,ARTS 114,ARTS,1316,2,EXCHANGE ELIGIBLE,40277
FOUNDATION DRAWING,"Arzac, Sergio Arturo","['M', 'W']",15:00 - 16:50,ARTS 114,ARTS,1316,3,GE CREATIVITY AND MAKING,40278
FOUNDATION DRAWING,"Arzac, Sergio Arturo","['M', 'W']",17:00 - 18:50,ARTS 114,ARTS,1316,4,EXCHANGE ELIGIBLE,40279
FOUNDATION DRAWING,"Fagan, Sarah Emily","['M', 'W']",13:00 - 14:50,ARTS 114,ARTS,1316,5,EXCHANGE ELIGIBLE,40280
CLAY: HANDBUILDING,"Hassin, Jennifer","['M', 'W']",12:00 - 13:50,ARTS 116,ARTS,1318,1,EXCHANGE ELIGIBLE,40281
CLAY: HANDBUILDING,"Hassin, Jennifer","['M', 'W']",14:30 - 16:20,ARTS 116,ARTS,1318,2,EXCHANGE ELIGIBLE,40282
ART HISTORY I,"Brantl, Mary K.","['M', 'W', 'F']",09:00 - 09:50,MOOD 208,ARTS,2303,1,EXCHANGE ELIGIBLE,40283
ARTISTIC PASTS &amp; THEIR USES,"Brantl, Mary K.","['T', 'Th']",14:00 - 15:15,MOOD 208,ARTS,2308,1,EXCHANGE ELIGIBLE,40285
MODERNISTS &amp; OTHERS,"Brantl, Mary K.","['M', 'W', 'F']",11:00 - 11:50,MOOD 208,ARTS,2322,1,EXCHANGE ELIGIBLE,40286
SCULPTURE: MATERIALS,"Hassin, Jennifer","['T', 'Th']",12:30 - 14:50,ARTS 116,ARTS,2326,1,EXCHANGE ELIGIBLE,40539
DRAWING: METHODS,"Robinson, Alexandra","['T', 'Th']",09:00 - 11:20,ARTS 114,ARTS,2332,1,EXCHANGE ELIGIBLE,40540
CLAY: WHEEL THROWING,"Moseley, Britt","['T', 'Th']",09:00 - 10:50,ARTS 116,ARTS,2347,1,EXCHANGE ELIGIBLE,40287
WATERCOLOR,"Stone, Michael Clinton","['M', 'W']",14:30 - 16:20,ARTS 113,ARTS,2366,1,EXCHANGE ELIGIBLE,40288
INTRODUCTION TO PHOTOGRAPHY,"Miller, Sybil A.","['T', 'Th']",09:30 - 10:45,None None,ARTS,2399,1,EXCHANGE ELIGIBLE,40289
DIGITAL ART,"Stern, Jeanne Ellen Ganung","['M', 'W']",17:00 - 18:15,LIBR 115,ARTS,2399,2,EXCHANGE ELIGIBLE,40290
DISCOVERING DESIGN,"Lievens, Robert Daniel","['T', 'Th']",11:00 - 12:15,TRUS 108,ARTS,2399,4,EXCHANGE ELIGIBLE,40292
TEXTILE ART,"Pencevova, Margita T.","['T', 'Th']",15:30 - 16:45,None None,ARTS,2399,5,EXCHANGE ELIGIBLE,40293
INTRODUCTION TO PHOTOGRAPHY,"Miller, Sybil A.","['T', 'Th']",11:00 - 12:15,None None,ARTS,2399,6,EXCHANGE ELIGIBLE,40294
VISUAL JOURNALING,"Rebholz, Matt","['M', 'W']",15:30 - 16:45,HOLY 402,ARTS,2399,7,EXCHANGE ELIGIBLE,40295
VISUAL JOURNALING,"Rebholz, Matt","['M', 'W']",14:00 - 15:15,HOLY 402,ARTS,2399,8,EXCHANGE ELIGIBLE,40296
DIGITAL ART,"Thrasher, Jill","['T', 'Th']",12:30 - 13:45,ARTS 121,ARTS,2399,9,EXCHANGE ELIGIBLE,40297
COLOR &amp; CREATIVE APPLICATION,"Massey, Michael C.","['T', 'Th']",15:30 - 16:45,ARTS 113,ARTS,2399,10,EXCHANGE ELIGIBLE,40298
FIGURATION,"Lai, Renee Hoi Yee","['T', 'Th']",12:30 - 14:50,ARTS 114,ARTS,3336,1,EXCHANGE ELIGIBLE,40299
FIGURATION,"Lai, Renee Hoi Yee","['T', 'Th']",15:30 - 17:50,ARTS 114,ARTS,3336,2,EXCHANGE ELIGIBLE,40300
LABOR THROUGH THE ARTIST&#39;S LENS,"Brantl, Mary K.","['T', 'Th']",11:00 - 12:15,MOOD 208,ARTS,3349,1,GE EXPLORING ARTISTIC WORKS,40301
SCREENPRINTING,"Rebholz, Matt","['M', 'W']",17:00 - 18:50,ARTS 110,ARTS,3399,1,EXCHANGE ELIGIBLE,40302
ADVANCED CLAY,"Hassin, Jennifer",[],,None None,ARTS,4344,1,REPEATABLE FOR DEGREE CREDIT,40303
INTERNSHIP IN ART,"Lievens, Robert Daniel",['F'],11:00 - 11:50,None None,ARTS,4350,1,EXCHANGE ELIGIBLE,40304
INTRODUCTION TO ASTRONOMY,"Baumann, Mark Chapple","['T', 'Th']",11:00 - 12:15,JBWS 362,ASTR,1310,1,EXCHANGE ELIGIBLE,40660
LEARNING &amp; COGNITION,"Goldey, Katherine Luciana","['M', 'W', 'F']",11:00 - 11:50,TRUS 113,NEUR,4343,1,,40133
BEHAVIORAL NEUROSCIENCE,"Barton, Emily","['T', 'Th']",11:00 - 12:15,MOOD 307,NEUR,4442,1,,40134
GENERAL BIOLOGY I LAB,"DeWhatley, Megan Christine",['M'],14:00 - 16:50,JBWN 222,BIOL,1107,1,EXCHANGE ELIGIBLE,40662
GENERAL BIOLOGY I LAB,,['M'],14:00 - 16:50,JBWN 226,BIOL,1107,2,EXCHANGE ELIGIBLE,40663
GENERAL BIOLOGY I LAB,"Green, Michelle",['M'],14:00 - 16:50,JBWS 261,BIOL,1107,3,EXCHANGE ELIGIBLE,40664
GENERAL BIOLOGY I LAB,,['T'],14:00 - 16:50,JBWN 222,BIOL,1107,4,EXCHANGE ELIGIBLE,40665
GENERAL BIOLOGY I LAB,,['T'],14:00 - 16:50,JBWN 226,BIOL,1107,5,EXCHANGE ELIGIBLE,40666
GENERAL BIOLOGY I LAB,"DeWhatley, Megan Christine",['W'],14:00 - 16:50,JBWN 222,BIOL,1107,6,EXCHANGE ELIGIBLE,40667
GENERAL BIOLOGY I LAB,"Green, Michelle",['W'],14:00 - 16:50,JBWN 226,BIOL,1107,7,EXCHANGE ELIGIBLE,40668
GENERAL BIOLOGY I LAB,,['Th'],14:00 - 16:50,JBWN 222,BIOL,1107,8,EXCHANGE ELIGIBLE,40669
GENERAL BIOLOGY I LAB,,['Th'],14:00 - 16:50,JBWN 226,BIOL,1107,9,EXCHANGE ELIGIBLE,40670
GENERAL BIOLOGY I,"Hauser, Charles R.","['M', 'W', 'F']",09:00 - 09:50,JBWN 202,BIOL,1307,1,EXCHANGE ELIGIBLE,40671
GENERAL BIOLOGY I,"Green, Michelle","['M', 'W', 'F']",10:00 - 10:50,JBWN 202,BIOL,1307,2,EXCHANGE ELIGIBLE,40672
GENERAL BIOLOGY I,"Green, Michelle","['M', 'W', 'F']",11:00 - 11:50,JBWN 202,BIOL,1307,3,EXCHANGE ELIGIBLE,40673
GENERAL BIOLOGY I,"Ledesma, David Trevino","['M', 'W', 'F']",12:00 - 12:50,JBWN 202,BIOL,1307,4,EXCHANGE ELIGIBLE,40674
GENERAL BIOLOGY I,"Green, Michelle","['M', 'W', 'F']",13:00 - 13:50,JBWN 202,BIOL,1307,5,EXCHANGE ELIGIBLE,40675
GENERAL BIOLOGY I,"DeWhatley, Megan Christine","['T', 'Th']",09:30 - 10:45,JBWN 202,BIOL,1307,6,EXCHANGE ELIGIBLE,40676
GENERAL BIOLOGY I,"Hauser, Charles R.","['T', 'Th']",11:00 - 12:15,JBWN 202,BIOL,1307,7,EXCHANGE ELIGIBLE,40677
GENERAL BIOLOGY I,"Hauser, Charles R.","['M', 'W']",14:00 - 15:15,JBWN 202,BIOL,1307,8,EXCHANGE ELIGIBLE,40678
NUTRITION,"Anthony, Mark John",[],,None None,BIOL,1322,1,EXCHANGE ELIGIBLE,40679
NUTRITION,"Anthony, Mark John",[],,None None,BIOL,1322,2,EXCHANGE ELIGIBLE,40680
NUTRITION,"Anthony, Mark John",[],,None None,BIOL,1322,3,EXCHANGE ELIGIBLE,40681
ANATOMY &amp; PHYSIOLOGY I LAB,"Row, Kristopher",['M'],14:00 - 16:50,JBWS 265,BIOL,2001,1,,40682
ANATOMY &amp; PHYSIOLOGY I LAB,,['T'],14:00 - 16:50,JBWS 265,BIOL,2001,2,,40683
ANATOMY &amp; PHYSIOLOGY I LAB,,['W'],14:00 - 16:50,JBWS 265,BIOL,2001,3,,40684
ANATOMY &amp; PHYSIOLOGY I LAB,,['Th'],14:00 - 16:50,JBWS 265,BIOL,2001,4,,40685
BIOLOGIC,"Bell, Balyssa Bridget",['T'],16:00 - 16:50,JBWN 202,BIOL,2113,1,,40686
BIOLOGIC,"Bell, Balyssa Bridget",['T'],17:00 - 17:50,JBWN 202,BIOL,2113,2,,40687
HUMAN PHYSIOLOGY LAB,"Wostl, Elijah",['T'],14:00 - 16:50,JBWN 243,BIOL,2135,1,RESEARCH,40688
HUMAN PHYSIOLOGY LAB,"Wostl, Elijah",['W'],14:00 - 16:50,JBWN 243,BIOL,2135,2,RESEARCH,40689
EPIDEMIOLOGY,"Baynham, Patricia","['M', 'W', 'F']",10:00 - 10:50,MOOD 206,BIOL,2330,1,GE GLOBAL PERSPECTIVES,40690
EPIDEMIOLOGY,"Baynham, Patricia","['M', 'W', 'F']",11:00 - 11:50,MOOD 206,BIOL,2330,2,GE GLOBAL PERSPECTIVES,40691
MOLECULAR GENETICS,"Goering, Lisa M.","['M', 'W', 'F']",08:00 - 08:50,MOOD 204,BIOL,2334,1,,40692
MOLECULAR GENETICS,"Goering, Lisa M.","['M', 'W', 'F']",09:00 - 09:50,MOOD 204,BIOL,2334,2,,40693
HUMAN PHYSIOLOGY,"Wostl, Elijah","['T', 'Th']",08:00 - 09:15,JBWN 202,BIOL,2335,1,,40694
ANATOMY &amp; PHYSIOLOGY I,"Ortiz, Alexis","['M', 'W', 'F']",12:00 - 12:50,JBWS 361,BIOL,2401,1,,40695
ANATOMY &amp; PHYSIOLOGY I,,"['M', 'W', 'F']",13:00 - 13:50,MOOD 204,BIOL,2401,2,,40696
ANATOMY &amp; PHYSIOLOGY I,"Row, Kristopher","['T', 'Th']",09:30 - 10:45,MOOD 304,BIOL,2401,3,,40697
ENTOMOLOGY,"Steffenson, Matthew M","['M', 'W', 'F']",09:00 - 09:50,JBWN 204,BIOL,2420,1,TRAVEL-DOMESTIC,40698
ECOLOGY &amp; GLOBAL CHANGE,"Ledesma, David Trevino","['T', 'Th']",09:30 - 10:45,JBWN 204,BIOL,2423,1,EXCHANGE ELIGIBLE,40699
MICROBIOLOGY LAB,"Edwards, Meredith",['T'],14:00 - 16:50,JBWN 141,BIOL,3139,1,ZERO-COST COURSE MATERIALS,40700
MICROBIOLOGY LAB,"Edwards, Meredith",['W'],14:00 - 16:50,JBWN 141,BIOL,3139,2,ZERO-COST COURSE MATERIALS,40701
FANH LEADERSHIP,"Steffenson, Matthew M",['F'],14:00 - 14:50,JBWN 204,BIOL,3145,1,REPEATABLE FOR DEGREE CREDIT,40702
HUMAN GENETICS,"Goering, Lisa M.","['T', 'Th']",14:00 - 15:15,JBWN 202,BIOL,3316,1,,40703
BIOSTATISTICS,"Row, Kristopher","['T', 'Th']",14:00 - 15:15,JBWN 206,BIOL,3321,1,,40895
IMMUNOLOGY,,"['T', 'Th']",08:00 - 09:15,JBWN 204,BIOL,3332,1,,40704
MICROBIOLOGY,"Edwards, Meredith","['M', 'W', 'F']",12:00 - 12:50,MOOD 302,BIOL,3339,1,,40705
NEUROSCIENCE,"Bell, Balyssa Bridget","['M', 'W', 'F']",12:00 - 12:50,MOOD 204,BIOL,3343,1,,40706
GEOGRAPHIC INFORMATION SYSTEMS,"Johnson, Christopher Eric","['M', 'W']",17:00 - 18:15,JBWS 268,BIOL,3353,1,,40707
CELL BIOLOGY LAB,"Bell, Balyssa Bridget",['W'],14:00 - 16:50,JBWN 122,BIOL,4037,1,,40708
CELL BIOLOGY LAB,"Hauser, Charles R.",['Th'],14:00 - 16:50,JBWN 122,BIOL,4037,2,,40709
RESEARCH IN BIOLOGY,"Baynham, Patricia",[],,None None,BIOL,4157,1,INTERNSHIP,40710
RESEARCH IN BIOLOGY,"Edwards, Meredith",[],,None None,BIOL,4157,2,INTERNSHIP,40711
RESEARCH IN BIOLOGY,"Goering, Lisa M.",[],,None None,BIOL,4157,3,INTERNSHIP,40712
RESEARCH IN BIOLOGY,"Holgado, Andrea",[],,None None,BIOL,4157,4,INTERNSHIP,40713
RESEARCH IN BIOLOGY,"Steffenson, Matthew M",[],,None None,BIOL,4157,5,INTERNSHIP,40714
RESEARCH IN BIOLOGY,"Wostl, Elijah",[],,None None,BIOL,4157,6,INTERNSHIP,40715
RESEARCH IN BIOLOGY,"Ledesma, David Trevino",[],,None None,BIOL,4157,7,INTERNSHIP,40716
CULMINATING EXPERIENCE IN BIOLOGICAL SCIENCES,"Goering, Lisa M.",['Th'],16:00 - 16:50,JBWN 202,BIOL,4167,1,,40717
EVOLUTION,"Row, Kristopher","['T', 'Th']",08:00 - 09:15,MOOD 304,BIOL,4344,1,GE MM WRITING RICH - UPPER,40718
CELL BIOLOGY,"Bell, Balyssa Bridget","['M', 'W', 'F']",13:00 - 13:50,JBWS 361,BIOL,4437,1,RESEARCH,40719
INTRODUCTION TO BUSINESS,"Altolemy, Nayera I","['M', 'W']",14:00 - 15:15,TRUS 104,BUSI,1301,1,EXCHANGE ELIGIBLE,40579
INTRODUCTION TO BUSINESS,"Lorenz, Thomas","['T', 'Th']",14:00 - 15:15,TRUS 203,BUSI,1301,2,EXCHANGE ELIGIBLE,40580
INTRODUCTION TO BUSINESS,"Lorenz, Thomas","['T', 'Th']",15:30 - 16:45,TRUS 203,BUSI,1301,3,EXCHANGE ELIGIBLE,40581
EXCEL SKILLS FOR BUSINESS,"Bozeman, Kesha","['M', 'W', 'F']",09:00 - 09:50,TRUS 205,BUSI,1315,1,,40582
EXCEL SKILLS FOR BUSINESS,"Bozeman, Kesha","['M', 'W', 'F']",10:00 - 10:50,TRUS 205,BUSI,1315,2,,40583
EXCEL SKILLS FOR BUSINESS,"Bozeman, Kesha","['M', 'W', 'F']",11:00 - 11:50,TRUS 205,BUSI,1315,3,,40584
EXCEL SKILLS FOR BUSINESS,"Altolemy, Nayera I","['M', 'W', 'F']",12:00 - 12:50,TRUS 205,BUSI,1315,4,,40585
BUSINESS LAW,,"['M', 'W']",12:30 - 13:45,None None,BUSI,2303,1,EXCHANGE ELIGIBLE,40586
BUSINESS LAW,,"['T', 'Th']",15:30 - 16:45,TRUS 303,BUSI,2303,2,EXCHANGE ELIGIBLE,40587
BUSINESS LAW,,['W'],18:00 - 20:50,TRUS 216,BUSI,2303,3,EXCHANGE ELIGIBLE,40588
BUSINESS STATISTICS,,"['M', 'W']",14:00 - 15:15,TRUS 117,BUSI,2305,1,EXCHANGE ELIGIBLE,40589
BUSINESS STATISTICS,,"['T', 'Th']",12:30 - 13:45,TRUS 104,BUSI,2305,2,EXCHANGE ELIGIBLE,40590
BUSINESS AND PROFESSIONAL SPEAKING,"Ortiz, Lorelei A.","['T', 'Th']",15:30 - 16:45,TRUS 214,BUSI,2321,1,EXCHANGE ELIGIBLE,40591
SPECIAL TOPICS IN BUSINESS ADMINISTRATION,"Tedesco, Fred",['W'],13:00 - 13:50,TRUS 211,BUSI,3199,1,REPEATABLE FOR DEGREE CREDIT,40592
PROJECT MANAGEMENT,"Brunner, Frances Inez","['T', 'Th']",17:00 - 18:15,TRUS 303,BUSI,3326,1,,40593
SOCIAL RESPONSIBILITY OF BUSINESS,,"['M', 'W']",14:00 - 15:15,TRUS 112,BUSI,3328,1,GE MM EXP LEARNING SOC JUSTICE,40594
SOCIAL RESPONSIBILITY OF BUSINESS,"Wilburn, Kathleen M.","['T', 'Th']",14:00 - 15:15,TRUS 215,BUSI,3328,2,GE MM EXP LEARNING SOC JUSTICE,40595
SOCIAL RESPONSIBILITY OF BUSINESS,"Wilburn, Kathleen M.","['T', 'Th']",15:30 - 16:45,TRUS 215,BUSI,3328,3,GE MM EXP LEARNING SOC JUSTICE,40596
SOCIAL RESPONSIBILITY OF BUSINESS,"Shin, Natalie Jungyoun",['M'],18:30 - 21:20,None None,BUSI,3328,4,GE MM EXP LEARNING SOC JUSTICE,40597
BUSINESS COMMUNICATION,,['Th'],18:30 - 21:20,None None,BUSI,3330,1,GE MM WRITING RICH - UPPER,40598
BUSINESS COMMUNICATION,"England, Natalie Jo","['T', 'Th']",14:00 - 15:15,TRUS 113,BUSI,3330,2,GE MM WRITING RICH - UPPER,40599
BUSINESS COMMUNICATION,"England, Natalie Jo","['T', 'Th']",15:30 - 16:45,TRUS 113,BUSI,3330,3,GE MM WRITING RICH - UPPER,40600
BUSINESS COMMUNICATION,"Campbell, George Michael","['M', 'W']",14:00 - 15:15,TRUS 214,BUSI,3330,4,GE MM WRITING RICH - UPPER,40601
BUSINESS COMMUNICATION,,"['M', 'W']",15:30 - 16:45,TRUS 104,BUSI,3330,5,GE MM WRITING RICH - UPPER,40602
BUSINESS INTELLIGENCE,"Firouzi, Fatemeh","['T', 'Th']",09:30 - 10:45,TRUS 117,BUSI,3333,1,EXCHANGE ELIGIBLE,40603
BUSINESS INTELLIGENCE,"Firouzi, Fatemeh","['T', 'Th']",11:00 - 12:15,TRUS 117,BUSI,3333,2,EXCHANGE ELIGIBLE,40604
BUSINESS INTELLIGENCE,"Firouzi, Fatemeh","['T', 'Th']",12:30 - 13:45,TRUS 117,BUSI,3333,3,,40605
INTERNSHIP IN BUSINESS ADMIN,"Ortiz, Lorelei A.",[],,None None,BUSI,3385,1,INTERNSHIP,40606
INTERNSHIP IN BUSINESS ADMIN,"Dunn, Mary Bowker",[],,None None,BUSI,3385,2,INTERNSHIP,40607
STRATEGIC MANAGEMENT CAPSTONE,"Amini Sedeh, Amirmahmood","['T', 'Th']",11:00 - 12:15,TRUS 205,BUSI,4349,1,GE MM WRITING RICH - UPPER,40608
STRATEGIC MANAGEMENT CAPSTONE,"Lorenz, Thomas","['T', 'Th']",09:30 - 10:45,TRUS 203,BUSI,4349,2,GE MM WRITING RICH - UPPER,40609
STRATEGIC BUSINESS ANALYSIS AND PRACTICE,"Brish, Arie","['T', 'Th']",14:00 - 15:15,TRUS 116,BUSI,4388,1,,40610
MANAGERIAL COMMUNICATIONS,,['Th'],18:30 - 21:20,None None,BUSI,6312,1,,40551
GRADUATE BUSINESS INTERNSHIP,"Swid, Amr A",[],13:00 - 15:50,None None,BUSI,6385,1,,40897
INTRO BUSINESS ANALYTICS &amp; R,"Xu, Chen",[],09:00 - 11:50,TRUS 215,BANA,6310,1,,40545
DATA SUMMARIZATION &amp; VISUALIZATION,"Kim, Teddy",[],13:00 - 15:50,TRUS 214,BANA,6312,1,,40546
PYTHON FOR BUSINESS ANALYTICS,,[],13:00 - 15:50,TRUS 117,BANA,6320,1,,40547
BIG DATA &amp; DATABASE MANAGEMENT,"Jonnalagadda, Sri Akhil",[],09:00 - 11:50,TRUS 117,BANA,6330,1,,40548
SIMULATION MODELING,,[],09:00 - 11:50,TRUS 117,BANA,6350,1,,40549
ARTIFICIAL INTELLIGENCE &amp; MACHINE LEARNING,"Firouzi, Fatemeh",[],09:00 - 11:50,TRUS 116,BANA,6352,1,,40550
CAREER MANAGEMENT STRATEGIES,"Rosa, Bradley Scott",['Th'],15:30 - 16:45,MOOD 300,CPAM,1110,1,REPEATABLE FOR DEGREE CREDIT,40266
LSAT PREPARATION,"Finfrock, Christopher Michael",[],,None None,CPAM,1110,2,REPEATABLE FOR DEGREE CREDIT,40267
MCAT PREPARATION,"Finfrock, Christopher Michael",[],,None None,CPAM,1110,3,REPEATABLE FOR DEGREE CREDIT,40268
CAREER PLANNING &amp; MANAGEMENT INTERNSHIP,"Vanderlinden, Sydney",[],,None None,CPAM,4150,1,INTERNSHIP,40269
CAREER PLANNING &amp; MANAGEMENT INTERNSHIP,"Vanderlinden, Sydney",[],,None None,CPAM,4250,1,INTERNSHIP,40270
CAREER PLANNING &amp; MANAGEMENT INTERNSHIP,"Vanderlinden, Sydney",[],,None None,CPAM,4350,1,INTERNSHIP,40271
INTRODUCTION TO CATHOLICISM,"Scruggs, Mathew","['M', 'W', 'F']",10:00 - 10:50,TRUS 104,CATH,1316,1,EXCHANGE ELIGIBLE,40305
INTRODUCTION TO CATHOLICISM,"Scruggs, Mathew","['M', 'W', 'F']",11:00 - 11:50,TRUS 104,CATH,1316,2,EXCHANGE ELIGIBLE,40306
INTRODUCTION TO CATHOLICISM,"Montgomery-Goodnough, Angelique","['T', 'Th']",08:00 - 09:15,TRUS 104,CATH,1316,3,EXCHANGE ELIGIBLE,40307
"JUSTICE, PEACE AND LIBERATION","Scruggs, Mathew","['T', 'Th']",12:30 - 13:45,TRUS 303,CATH,2323,1,EXCHANGE ELIGIBLE,40308
"JUSTICE, PEACE AND LIBERATION","Scruggs, Mathew","['T', 'Th']",15:30 - 16:45,TRUS 116,CATH,2323,2,EXCHANGE ELIGIBLE,40309
SENIOR SEMINAR IN CATHOLIC STUDIES,"Bautch, Richard J.","['T', 'Th']",09:30 - 10:45,HOLY 402,CATH,4342,1,EXCHANGE ELIGIBLE,40310
GENERAL CHEMISTRY LAB,,['M'],14:00 - 16:50,JBWN 205,CHEM,1140,1,EXCHANGE ELIGIBLE,40720
GENERAL CHEMISTRY LAB,,['T'],14:00 - 16:50,JBWN 205,CHEM,1140,2,EXCHANGE ELIGIBLE,40721
GENERAL CHEMISTRY LAB,"Paul, Debamita",['T'],08:00 - 10:50,JBWN 209,CHEM,1140,3,EXCHANGE ELIGIBLE,40722
GENERAL CHEMISTRY LAB,,['T'],14:00 - 16:50,JBWN 209,CHEM,1140,4,EXCHANGE ELIGIBLE,40723
GENERAL CHEMISTRY LAB,,['T'],17:30 - 20:20,JBWN 209,CHEM,1140,5,EXCHANGE ELIGIBLE,40724
GENERAL CHEMISTRY LAB,"Burnett, Christopher Aquila",['W'],14:00 - 16:50,JBWN 209,CHEM,1140,6,EXCHANGE ELIGIBLE,40725
GENERAL CHEMISTRY LAB,"Paul, Debamita",['Th'],08:00 - 10:50,JBWN 209,CHEM,1140,7,EXCHANGE ELIGIBLE,40726
GENERAL CHEMISTRY LAB,,['Th'],14:00 - 16:50,JBWN 209,CHEM,1140,8,EXCHANGE ELIGIBLE,40727
GENERAL CHEMISTRY LAB,,['Th'],17:30 - 20:20,JBWN 209,CHEM,1140,9,EXCHANGE ELIGIBLE,40728
GENERAL CHEMISTRY,"Paul, Debamita","['T', 'Th']",11:00 - 12:15,MOOD 206,CHEM,1340,1,EXCHANGE ELIGIBLE,40729
GENERAL CHEMISTRY,"Kopecki-Fjetland, Mary A.","['M', 'W', 'F']",13:00 - 13:50,JBWN 206,CHEM,1340,2,EXCHANGE ELIGIBLE,40730
GENERAL CHEMISTRY,"Price, Skyler Elaine","['M', 'W', 'F']",10:00 - 10:50,JBWN 206,CHEM,1340,3,EXCHANGE ELIGIBLE,40731
GENERAL CHEMISTRY,,"['M', 'W', 'F']",11:00 - 11:50,MOOD 304,CHEM,1340,4,EXCHANGE ELIGIBLE,40732
GENERAL CHEMISTRY,"Kopecki-Fjetland, Mary A.","['M', 'W', 'F']",10:00 - 10:50,JBWS 165,CHEM,1340,5,EXCHANGE ELIGIBLE,40733
GENERAL CHEMISTRY II LAB,"Burnett, Christopher Aquila",['M'],14:00 - 16:50,JBWN 209,CHEM,2120,1,,40734
ORGANIC CHEMISTRY I LAB,,['T'],08:00 - 10:50,JBWN 109,CHEM,2123,1,,40735
ORGANIC CHEMISTRY I LAB,,['T'],14:00 - 16:50,JBWN 109,CHEM,2123,2,,40736
ORGANIC CHEMISTRY I LAB,,['W'],14:00 - 16:50,JBWN 109,CHEM,2123,3,,40737
ORGANIC CHEMISTRY I LAB,,['W'],08:00 - 10:50,JBWN 109,CHEM,2123,4,,40738
GENERAL CHEMISTRY II,"Burnett, Christopher Aquila","['M', 'W', 'F']",10:00 - 10:50,MOOD 204,CHEM,2320,1,,40739
ORGANIC CHEMISTRY I,"Healy, Eamonn F.","['M', 'W', 'F']",12:00 - 12:50,JBWN 206,CHEM,2323,1,,40740
ORGANIC CHEMISTRY I,"Price, Skyler Elaine","['T', 'Th']",09:30 - 10:45,JBWN 206,CHEM,2323,2,,40741
ORGANIC CHEMISTRY I,"Price, Skyler Elaine","['T', 'Th']",11:00 - 12:15,JBWN 206,CHEM,2323,3,,40742
ORGANIC CHEMISTRY I,"Burnett, Christopher Aquila","['M', 'W', 'F']",11:00 - 11:50,MOOD 204,CHEM,2323,4,,40743
ORGANIC CHEMISTRY II LAB,,['Th'],14:00 - 16:50,JBWN 109,CHEM,3125,1,,40744
ORGANIC CHEMISTRY II,"Healy, Eamonn F.","['M', 'W', 'F']",13:00 - 13:50,JBWN 204,CHEM,3325,1,,40745
BIOCHEMISTRY I,"Healy, Eamonn F.","['M', 'W', 'F']",11:00 - 11:50,JBWN 206,CHEM,3343,1,,40746
BIOCHEMISTRY I,"Kopecki-Fjetland, Mary A.","['M', 'W', 'F']",11:00 - 11:50,JBWS 165,CHEM,3343,2,,40884
INSTRUMENTAL ANALYSIS LAB,"Reyna, Jackson",['W'],14:00 - 16:50,JBWN 204,CHEM,4142,1,,40747
RESEARCH IN CHEMISTRY,"Healy, Eamonn F.",[],,None None,CHEM,4157,1,INTERNSHIP,40748
RESEARCH IN CHEMISTRY,"Kopecki-Fjetland, Mary A.",[],,None None,CHEM,4157,2,INTERNSHIP,40749
RESEARCH IN CHEMISTRY,"Burnett, Christopher Aquila",[],,None None,CHEM,4157,3,INTERNSHIP,40750
RESEARCH IN CHEMISTRY,"Paul, Debamita",[],,None None,CHEM,4157,4,INTERNSHIP,40751
RESEARCH IN CHEMISTRY,"Price, Skyler Elaine",[],,None None,CHEM,4157,5,INTERNSHIP,40752
INSTRUMENTAL ANALYSIS,"Reyna, Jackson","['T', 'Th']",12:30 - 13:45,JBWN 206,CHEM,4342,1,,40753
INTRODUCTION TO CHICANX AND LATINX STUDIES,,"['M', 'W', 'F']",10:00 - 10:50,JBWS 163,CHLX,1302,1,EXCHANGE ELIGIBLE,40311
THE U.S.-MEXICO BORDERLANDS,,"['M', 'W', 'F']",13:00 - 13:50,JBWS 266,CHLX,2315,1,,40312
INTRODUCTION TO COMMUNICATION,"Varner, Teri Lynn","['M', 'W', 'F']",12:00 - 12:50,TRUS 117,COMM,1306,1,EXCHANGE ELIGIBLE,40314
INTRODUCTION TO COMMUNICATION,,"['M', 'W', 'F']",13:00 - 13:50,LIBR 143,COMM,1306,2,EXCHANGE ELIGIBLE,40315
PRESENTATIONAL SPEAKING,"Garza, Teresita","['T', 'Th']",11:00 - 12:15,JBWS 186,COMM,1317,1,EXCHANGE ELIGIBLE,40316
PRESENTATIONAL SPEAKING,"Garza, Teresita","['T', 'Th']",12:30 - 13:45,JBWS 186,COMM,1317,2,EXCHANGE ELIGIBLE,40317
PRESENTATIONAL SPEAKING,,"['M', 'W', 'F']",11:00 - 11:50,JBWS 266,COMM,1317,3,EXCHANGE ELIGIBLE,40318
PRESENTATIONAL SPEAKING,,"['M', 'W', 'F']",13:00 - 13:50,TRUS 203,COMM,1317,4,EXCHANGE ELIGIBLE,40319
PRESENTATIONAL SPEAKING,"Varner, Teri Lynn","['M', 'W', 'F']",13:00 - 13:50,TRUS 117,COMM,1317,5,EXCHANGE ELIGIBLE,40320
PRESENTATIONAL SPEAKING,,"['M', 'W', 'F']",12:00 - 12:50,JBWN 204,COMM,1317,6,EXCHANGE ELIGIBLE,40321
PRESENTATIONAL SPEAKING,"Reiter-Salisbury, Nancy Ann","['M', 'W', 'F']",09:00 - 09:50,TRUS 216,COMM,1317,7,EXCHANGE ELIGIBLE,40322
PRESENTATIONAL SPEAKING,"Reiter-Salisbury, Nancy Ann","['M', 'W', 'F']",10:00 - 10:50,TRUS 216,COMM,1317,8,EXCHANGE ELIGIBLE,40323
PRESENTATIONAL SPEAKING,"Martinez, Stephanie Jo Poole","['T', 'Th']",11:00 - 12:15,JBWS 264,COMM,1317,9,EXCHANGE ELIGIBLE,40324
PRESENTATIONAL SPEAKING,,"['T', 'Th']",17:00 - 18:15,TRUS 214,COMM,1317,10,EXCHANGE ELIGIBLE,40325
PRESENTATIONAL SPEAKING,,"['M', 'W', 'F']",10:00 - 10:50,JBWS 366,COMM,1317,11,EXCHANGE ELIGIBLE,40326
PRESENTATIONAL SPEAKING,,"['M', 'W', 'F']",11:00 - 11:50,JBWS 361,COMM,1317,12,EXCHANGE ELIGIBLE,40327
PRESENTATIONAL SPEAKING,,"['T', 'Th']",09:30 - 10:45,JBWS 186,COMM,1317,13,EXCHANGE ELIGIBLE,40328
COMMUNICATION RESEARCH METHODS,"King, Stephen A","['T', 'Th']",09:30 - 10:45,JBWS 161,COMM,2301,1,,40329
COMMUNICATION THEORY,"Garza, Teresita","['M', 'W']",14:00 - 15:15,JBWS 186,COMM,2302,1,EXCHANGE ELIGIBLE,40330
VISUAL COMMUNICATION,"Wilt, Randolph Ray",[],,None None,COMM,2305,1,,40331
INTERPERSONAL COMMUNICATION,"Peterson, Lori A.","['M', 'W', 'F']",11:00 - 11:50,JBWS 163,COMM,2312,1,EXCHANGE ELIGIBLE,40332
ACTIVE LISTENING,"Varner, Teri Lynn","['M', 'W', 'F']",10:00 - 10:50,TRUS 116,COMM,2357,1,GE MM SOCIAL IDENTITIES,40333
INTRO TO PUBLIC RELATIONS &amp; ADVERTISING,"Reiter-Salisbury, Nancy Ann","['M', 'W', 'F']",11:00 - 11:50,TRUS 216,COMM,2365,1,EXCHANGE ELIGIBLE,40334
SPECIAL TOPICS IN COMM: GENERATIONAL COMMUNICATION,"Peterson, Lori A.","['M', 'W', 'F']",12:00 - 12:50,JBWS 163,COMM,2399,1,REPEATABLE FOR DEGREE CREDIT,40335
HEALTH COMMUNICATION,"Martinez, Stephanie Jo Poole","['T', 'Th']",14:00 - 15:15,JBWS 163,COMM,3308,1,,40336
RHETORICAL CRITICISM,"King, Stephen A","['T', 'Th']",14:00 - 15:15,JBWS 363,COMM,3333,1,GE MM SOCIAL IDENTITIES,40337
INTERCULTURAL COMMUNICATION,"Peterson, Lori A.","['T', 'Th']",09:30 - 10:45,JBWS 264,COMM,3344,1,GE GLOBAL PERSPECTIVES,40338
INTERCULTURAL COMMUNICATION,"Peterson, Lori A.","['T', 'Th']",12:30 - 13:45,JBWS 363,COMM,3344,2,GE GLOBAL PERSPECTIVES,40339
INTEGRATED COMM MANAGEMENT,"Christopher, David Alan","['M', 'W']",14:00 - 15:15,MOOD 302,COMM,3358,1,,40340
SPORTS COMMUNICATION,"Martinez, Stephanie Jo Poole","['M', 'W']",14:00 - 15:15,JBWS 163,COMM,3372,1,,40341
PUBLIC RELATIONS &amp; ADVERTISING IN A DIGITAL WORLD,"Teegardin, Allison","['T', 'Th']",17:00 - 18:15,None None,COMM,3376,1,,40342
PR FOR NONPROFIT ORGANIZATIONS,"Reiter-Salisbury, Nancy Ann","['M', 'W']",15:30 - 16:45,TRUS 118,COMM,4326,1,AEL CREATIVE WORKS,40343
INTERNSHIP IN COMMUNICATION,"Garza, Teresita",[],,None None,COMM,4350,1,INTERNSHIP,40344
RHETORIC OF TOURISM,"King, Stephen A","['T', 'Th']",11:00 - 12:15,JBWS 161,COMM,4379,1,,40345
INTRO TO LANGUAGE &amp; CULTURE,"Seminet, Philippe Pascal","['T', 'Th']",11:00 - 12:15,MOOD 304,CLLC,1310,1,EXCHANGE ELIGIBLE,40313
COMPUTING SCIENCE CONCEPTS I,"Avery, Megan Elizabeth","['M', 'W']",14:00 - 15:15,JBWS 264,COSC,1423,1,EXCHANGE ELIGIBLE,40754
COMPUTING SCIENCE CONCEPTS I LAB,"Avery, Megan Elizabeth",[‘W'],15:30 - 16:45,JBWS 166,COSC,1423,1,EXCHANGE ELIGIBLE,40754
COMPUTING SCIENCE CONCEPTS I,"Avery, Megan Elizabeth","['T', 'Th']",12:30 - 13:45,JBWS 165,COSC,1423,2,EXCHANGE ELIGIBLE,40755
COMPUTING SCIENCE CONCEPTS I LAB,"Avery, Megan Elizabeth",[‘Th'],14:00 - 15:15,JBWS 166,COSC,1423,2,EXCHANGE ELIGIBLE,40755
WEB PROGRAMMING,"McCurry, Jonn D.","['T', 'Th']",15:30 - 16:45,JBWS 262,COSC,2328,1,,40756
COMPONENT-BASED PROGRAMMING,"Kart, Michael U.","['M', 'W', 'F']",12:00 - 12:50,JBWS 262,COSC,2329,1,,40757
COMPONENT-BASED PROGRAMMING,"Kart, Michael U.","['M', 'W', 'F']",13:00 - 13:50,JBWS 262,COSC,2329,2,,40758
COMPUTER NETWORKS,,"['T', 'Th']",14:00 - 15:15,JBWS 165,COSC,2364,1,,40874
COMPUTING SCIENCE CONCEPTS II,"Avery, Megan Elizabeth","['T', 'Th']",09:30 - 10:45,JBWS 262,COSC,2425,1,,40759
COMPUTING SCIENCE CONCEPTS II LAB,"Avery, Megan Elizabeth",[’T'],14:00 - 15:15,JBWS 166,COSC,2425,1,,40759
MOBILE PROGRAMMING,"Shebaro, Bilal","['T', 'Th']",11:00 - 12:15,JBWS 262,COSC,3326,1,,40760
ALGORITHMS AND DATA STRUCTURES,"Kart, Michael U.","['T', 'Th']",12:30 - 13:45,JBWS 262,COSC,3327,1,,40761
DATABASE THEORY &amp; APPLICATIONS,,"['M', 'W']",15:30 - 16:45,JBWS 266,COSC,3337,1,,40763
SOFTWARE ENGINEERING,"Michaels, Ryan Paul","['T', 'Th']",12:30 - 13:45,JBWS 264,COSC,3339,1,RESEARCH,40764
INTRO ARTIFICIAL INTELLIGENCE,"Atkinson, Gentry","['T', 'Th']",09:30 - 10:45,JBWS 165,COSC,3340,1,,40765
INTRODUCTION TO CYBERSECURITY,"Shebaro, Bilal","['T', 'Th']",14:00 - 15:15,JBWS 262,COSC,3343,1,,40766
INTRO DATA MINING &amp; ANALYSIS,"Atkinson, Gentry","['M', 'W']",15:30 - 16:45,JBWS 262,COSC,3352,1,,40767
NETWORK SECURITY,"McCurry, Jonn D.","['M', 'W']",15:30 - 16:45,JBWS 264,COSC,3353,1,,40768
RESEARCH IN COMPUTER SCIENCE,"Michaels, Ryan Paul",[],,None None,COSC,4157,1,INTERNSHIP,40769
COMPUTER VISION,"Atkinson, Gentry","['M', 'W']",14:00 - 15:15,JBWS 262,COSC,4358,1,,40770
TOPICS IN CYBERSECURITY,,"['M', 'W']",14:00 - 15:15,JBWS 266,COSC,4365,1,,40773
ADVANCED ALGORITHMS,"Michaels, Ryan Paul","['T', 'Th']",15:30 - 16:45,JBWS 165,COSC,4367,1,,40774
UNDERGRADUATE RESEARCH &amp; DEVEL,"Michaels, Ryan Paul","['M', 'W', 'F']",10:00 - 10:50,JBWS 186,COSC,4380,1,,40872
UNDERGRADUATE RESEARCH &amp; DEVEL,"McCurry, Jonn D.","['M', 'W', 'F']",10:00 - 10:50,JBWS 186,COSC,4380,2,,40873
INTRODUCTION TO CRIMINAL JUSTICE,"Gutierrez, Vanessa Jesenia","['T', 'Th']",11:00 - 12:15,TRUS 116,CRIJ,1302,1,GE DIVERSE AMERICAN PERSPECTVS,40078
INTRODUCTION TO CRIMINAL JUSTICE,"Lopez, Juan Francisco","['M', 'W', 'F']",10:00 - 10:50,DOYL 130,CRIJ,1302,2,GE DIVERSE AMERICAN PERSPECTVS,40079
CRIMINAL LAW,"Lopez, Juan Francisco","['M', 'W', 'F']",12:00 - 12:50,TRUS 116,CRIJ,1310,1,,40080
AMERICAN COURT SYSTEM,"Andresen, Warren Carsten","['M', 'W']",14:00 - 15:15,TRUS 116,CRIJ,2306,1,,40081
CORRECTIONS,"Andresen, Warren Carsten","['M', 'W', 'F']",10:00 - 10:50,TRUS 214,CRIJ,2313,1,,40082
AMERICAN LAW ENFORCEMENT,"Gutierrez, Vanessa Jesenia","['M', 'W', 'F']",11:00 - 11:50,TRUS 116,CRIJ,2328,1,,40083
CRIMINOLOGY,"Lopez, Juan Francisco","['T', 'Th']",11:00 - 12:15,DOYL 130,CRIJ,2336,1,GE MM SOCIAL IDENTITIES,40084
CRIMINAL EVIDENCE AND PROOF,"Lopez, Juan Francisco","['M', 'W', 'F']",09:00 - 09:50,DOYL 130,CRIJ,3325,1,,40085
RESEARCH METHODS IN CRIMINAL JUSTICE,"Cabage, LeAnn Nicole","['T', 'Th']",14:00 - 15:15,MOOD 203,CRIJ,3330,1,GE MM WRITING RICH - UPPER,40086
VICTIMOLOGY,"Andresen, Warren Carsten","['T', 'Th']",15:30 - 16:45,DOYL 134,CRIJ,3331,1,GE MM SOCIAL IDENTITIES,40087
DRUGS AND CRIME,"Cabage, LeAnn Nicole","['M', 'W']",15:30 - 16:45,TRUS 116,CRIJ,3352,1,ISP CRITICAL THINKING,40088
COMPARATIVE LEGAL SYSTEMS,"Andresen, Warren Carsten","['M', 'W', 'F']",13:00 - 13:50,TRUS 116,CRIJ,4341,1,ISP GLOBAL UNDERSTANDING,40089
CONTEMPORARY ISSUES IN CRIMINAL JUSTICE,"Gutierrez, Vanessa Jesenia","['T', 'Th']",09:30 - 10:45,TRUS 116,CRIJ,4345,1,GE MM SOCIAL IDENTITIES,40090
GALACTIC JUSTICE: LAW &amp; ORDER IN STAR WARS,"Cabage, LeAnn Nicole","['T', 'Th']",12:30 - 13:45,MOOD 203,CRIJ,4349,1,REPEATABLE FOR DEGREE CREDIT,40091
INTERNSHIP IN CRIMINAL JUSTICE,"Cabage, LeAnn Nicole",[],,None None,CRIJ,4350,1,GE MM EXP LEARNING SOC JUSTICE,40092
ADVANCED INTERNSHIP,"Cabage, LeAnn Nicole",[],,None None,CRIJ,4370,1,INTERNSHIP,40093
DISSERTATION WRITING SEMINAR,"Loughmiller, Leslie L.",[],,None None,LHER,7330,1,,40072
"DISSERTATION RESEARCH: IMPLEMENTATION, ANALYSIS, DEFENSE","Keeney, Hunter",[],,None None,LHER,7628,1,,40073
BEGINNING BALLET I,"Dolan, Alyson Holland","['M', 'W']",09:00 - 10:15,ARTS 141,DANC,1141,1,REPEATABLE FOR DEGREE CREDIT,40346
BEGINNING MODERN DANCE,"Dolan, Alyson Holland","['M', 'W']",11:00 - 12:15,RECC 350,DANC,2145,1,REPEATABLE FOR DEGREE CREDIT,40347
PRINCIPLES OF DIGITAL MEDIA AND ENTERTAINMENT,,"['M', 'W']",14:00 - 15:15,MOOD 208,BDMM,2301,1,EXCHANGE ELIGIBLE,40575
DIGITAL MEDIA ENTERPRISE CREATION,"Lorenz, Thomas","['T', 'Th']",12:30 - 13:45,TRUS 205,BDMM,3332,1,,40576
INTERACTIVE TECHNOLOGY,,[],,None None,BDMM,3334,1,,40577
DIGITAL MEDIA PRODUCTION PLANNING,"Brunner, Frances Inez","['T', 'Th']",17:00 - 18:15,TRUS 303,BDMM,3338,1,,40578
INTRO TO DIGITAL STORYTELLING &amp; CONTENT CREATION,"Heath, Jennifer Ann","['T', 'Th']",12:30 - 13:45,MOOD 212,DSCC,1301,1,AEL CREATIVE WORKS,40348
TOPICS IN DIGITAL STORYTELLING,"Beier, Christopher Clive","['T', 'Th']",11:00 - 12:15,TRUS 118,DSCC,1399,1,REPEATABLE FOR DEGREE CREDIT,40894
AUDIO STORYTELLING I,"Largey, Matthew",['M'],18:30 - 21:20,LIBR 115,DSCC,2312,1,AEL CREATIVE WORKS,40349
MICROECONOMICS: PRINCIPLES OF MARKET ANALYSIS,"Xu, Chen","['M', 'W']",14:00 - 15:15,TRUS 203,ECON,2301,1,EXCHANGE ELIGIBLE,40611
MICROECONOMICS: PRINCIPLES OF MARKET ANALYSIS,"Xu, Chen","['M', 'W']",15:30 - 16:45,TRUS 203,ECON,2301,2,EXCHANGE ELIGIBLE,40612
MACROECONOMICS: MONEY &amp; MARKET,"Ahmed, Haydory Akbar","['T', 'Th']",09:30 - 10:45,TRUS 303,ECON,2302,1,EXCHANGE ELIGIBLE,40613
MACROECONOMICS: MONEY &amp; MARKET,"Ahmed, Haydory Akbar","['T', 'Th']",11:00 - 12:15,TRUS 303,ECON,2302,2,EXCHANGE ELIGIBLE,40614
MICROECONOMIC THEORY,"Blanke, Leslie Loftus","['T', 'Th']",12:30 - 13:45,TRUS 116,ECON,3301,1,,40615
INTERNATIONAL TRADE &amp; FINANCE,"Ahmed, Haydory Akbar","['T', 'Th']",14:00 - 15:15,TRUS 117,ECON,3336,1,,40617
PUBLIC FINANCE,"Ahmed, Haydory Akbar","['T', 'Th']",15:30 - 16:45,TRUS 117,ECON,3399,1,REPEATABLE FOR DEGREE CREDIT,40616
"SCHOOLING, EDUCATION &amp; SOCIETY","Sloan, Kris","['M', 'W']",14:00 - 15:15,MOOD 212,EDUC,1330,1,GE DIVERSE AMERICAN PERSPECTVS,40094
LEARNING PROCESSES &amp; EVALUATION,"Sloan, Kris",[],,None None,EDUC,2331,1,GE MM SOCIAL IDENTITIES,40878
EDUCATIONAL TECHNOLOGY INTEGRATION,"Johnson, Brittney","['T', 'Th']",17:00 - 18:15,TRUS 215,EDUC,2332,1,TRAVEL-DOMESTIC,40095
AMERICAN SIGN LANGUAGE I,"Gember, Corey James","['M', 'W']",14:00 - 15:15,MOOD 211,EDUC,3399,1,REPEATABLE FOR DEGREE CREDIT,40096
CURRICULUM AND EVALUATION IN THE SECONDARY SCHOOL,"Sloan, Kris","['T', 'Th']",09:30 - 10:45,MOOD 212,EDUC,4334,1,TRAVEL-DOMESTIC,40097
STUDENT TEACHING SEMINAR-SECONDARY,,['T'],18:30 - 21:20,DOYL 134,EDUC,4359,1,GE MM EXP LEARNING SOC JUSTICE,40098
STUDENT TEACHING INTERNSHIP,,[],,None None,EDUC,4361,1,GE MM EXP LEARNING SOC JUSTICE,40099
INTERNSHIP - NON-CERTIFICATION,"Fletcher, Steven S.",[],,None None,EDUC,4365,1,GE MM EXP LEARNING SOC JUSTICE,40100
INTRODUCTION TO LITERARY STUDIES,"Flynn, Christopher Bayton","['M', 'W']",14:00 - 15:15,MOOD 200,ENGL,2300,1,EXCHANGE ELIGIBLE,40351
LGBT LITERATURE &amp; POP CULTURE: FOCUS ON FILM,"Barron, Alexandra Lynn","['M', 'W']",14:00 - 15:15,JBWS 366,ENGL,2315,1,GE EXPLORING ARTISTIC WORKS,40352
LGBT LITERATURE &amp; POP CULTURE: FOCUS ON FILM,"Barron, Alexandra Lynn","['M', 'W']",15:30 - 16:45,JBWS 366,ENGL,2315,2,GE EXPLORING ARTISTIC WORKS,40353
LITERATURE AND FILM,"Flynn, Christopher Bayton","['T', 'Th']",12:30 - 13:45,MOOD 200,ENGL,2317,1,GE EXPLORING ARTISTIC WORKS,40354
INTRO TO BRITISH LITERATURE,"Sheerin, Brian J","['M', 'W', 'F']",10:00 - 10:50,JBWS 363,ENGL,2322,1,EXCHANGE ELIGIBLE,40355
ARTHUIAN FANTASY,"Sheerin, Brian J","['M', 'W', 'F']",12:00 - 12:50,TRUS 215,ENGL,2324,1,GE EXPLORING ARTISTIC WORKS,40356
BANNED BOOKS,"Barron, Alexandra Lynn","['T', 'Th']",11:00 - 12:15,TRUS 112,ENGL,2324,2,EXCHANGE ELIGIBLE,40357
FANTASY LITERATURE - MEDIEVAL TO MODERN,"Sheerin, Brian J","['M', 'W', 'F']",13:00 - 13:50,TRUS 215,ENGL,2324,3,EXCHANGE ELIGIBLE,40358
THE BOOK OF LOVE,"Altimont, Alan J.","['M', 'W', 'F']",10:00 - 10:50,MOOD 202,ENGL,2324,4,EXCHANGE ELIGIBLE,40359
THE BOOK OF LOVE,"Altimont, Alan J.","['T', 'Th']",12:30 - 13:45,MOOD 208,ENGL,2324,5,EXCHANGE ELIGIBLE,40360
TOPICS IN LITERATURE,"Flynn, Christopher Bayton","['T', 'Th']",14:00 - 15:15,MOOD 200,ENGL,2324,6,GE EXPLORING ARTISTIC WORKS,40361
ARTHURIAN FANTASY,"Sheerin, Brian J","['M', 'W', 'F']",12:00 - 12:50,TRUS 215,ENGL,3303,1,,40362
JANE AUSTEN AND THE MOVIES,"Flynn, Christopher Bayton","['T', 'Th']",14:00 - 15:15,MOOD 200,ENGL,3339,1,GE EXPLORING ARTISTIC WORKS,40363
AUSTIN STORY LAB,"Lock, Julia Corinne","['T', 'Th']",11:00 - 12:15,JBWS 363,ENGL,3339,2,REPEATABLE FOR DEGREE CREDIT,40364
INTERNSHIP,"Clements, Amy Root",[],,None None,ENGL,4150,1,INTERNSHIP,40889
INTERNSHIP,"Clements, Amy Root",[],,None None,ENGL,4250,1,INTERNSHIP,40890
INTERNSHIP,"Clements, Amy Root",[],,None None,ENGL,4350,1,INTERNSHIP,40891
SENIOR SEMINAR IN ENGLISH LITERATURE,"Sheerin, Brian J","['T', 'Th']",12:30 - 13:45,MOOD 300,ENGL,4355,1,GE MM WRITING RICH - UPPER,40365
INTRODUCTION TO ENTREPRENEURSHIP,"Amini Sedeh, Amirmahmood","['T', 'Th']",12:30 - 13:45,TRUS 203,ENTR,2301,1,EXCHANGE ELIGIBLE,40618
NEW VENTURE CREATION,"Lorenz, Thomas","['T', 'Th']",12:30 - 13:45,TRUS 205,ENTR,3394,1,,40619
INTRODUCTION TO SUSTAINABILITY,"Concilio, Amy Lynn","['T', 'Th']",12:30 - 13:45,MOOD 211,ENSP,1304,1,GE DIVERSE AMERICAN PERSPECTVS,40101
LABORATORY WORK,"Concilio, Amy Lynn",[],,None None,ENSP,2149,1,REPEATABLE FOR DEGREE CREDIT,40102
ENVIRONMENTAL SCIENCE,"Concilio, Amy Lynn","['M', 'W']",14:00 - 15:15,JBWS 165,ENSP,2324,1,GE NATURAL SCIENCES,40103
ENVIRONMENTAL OUTREACH FOR DIVERSE AUDIENCES,"Yowell, Charles Curtis","['T', 'Th']",14:00 - 15:15,MOOD 304,ENSP,3336,1,,40105
GEOGRAPHIC INFORMATION SYSTEMS,"Johnson, Christopher Eric","['M', 'W']",17:00 - 18:15,JBWS 268,ENSP,3353,1,,40106
RESEARCH EXPERIENCE,"Concilio, Amy Lynn",['W'],13:00 - 13:50,JBWS 165,ENSP,4157,1,,40107
ENVIRONMENTAL POLITICS AND POLICY,"Johnson, Christopher Eric","['M', 'W']",15:30 - 16:45,JBWS 268,ENSP,4330,1,ISP CRITICAL THINKING,40108
INTERNSHIP EXPERIENCE IN ENVIRONMENTAL SCIENCE AND POLICY,"Lee, Jooyoun","['T', 'Th']",08:00 - 09:15,DOYL 130,ENSP,4350,1,GE MM EXP LEARNING SOC JUSTICE,40109
RESEARCH FIELD EXPERIENCE IN ENVIRO SCI &amp; POLICY,"Concilio, Amy Lynn","['T', 'Th']",15:30 - 16:45,DOYL 130,ENSP,4352,1,GE MM WRITING RICH - UPPER,40110
LGBT LITERATURE &amp; FILM,"Barron, Alexandra Lynn","['M', 'W']",14:00 - 15:15,JBWS 366,FILM,2398,1,GE EXPLORING ARTISTIC WORKS,40366
LGBT LITERATURE &amp; FILM,"Barron, Alexandra Lynn","['M', 'W']",15:30 - 16:45,JBWS 366,FILM,2398,2,GE EXPLORING ARTISTIC WORKS,40367
FILM AND RELIGION,"Scruggs, Mathew","['M', 'W']",14:00 - 15:15,MOOD 206,FILM,2398,3,GE STUDIES IN THEO &amp; RELIGION,40368
JANE AUSTEN AND THE MOVIES,"Flynn, Christopher Bayton","['T', 'Th']",14:00 - 15:15,MOOD 200,FILM,3399,1,GE EXPLORING ARTISTIC WORKS,40369
PERSONAL FINANCE &amp; SOCIAL RESPONSIBILITY,"Rotaru, Camelia","['M', 'W', 'F']",11:00 - 11:50,TRUS 305,FINC,2328,1,GE QUANTITATIVE REASONING,40620
PRINCIPLES OF BUSINESS FINANCE,"Xie, Jane Qian","['T', 'Th']",09:30 - 10:45,TRUS 305,FINC,3330,1,,40621
PRINCIPLES OF BUSINESS FINANCE,"Suh, Sung Won","['M', 'W']",12:30 - 13:45,TRUS 305,FINC,3330,2,,40622
PRINCIPLES OF BUSINESS FINANCE,"Rotaru, Camelia","['M', 'W', 'F']",10:00 - 10:50,TRUS 305,FINC,3330,3,,40623
INTERMEDIATE FINANCIAL MGT,"Rotaru, Camelia","['M', 'W']",14:00 - 15:15,TRUS 305,FINC,3380,1,,40624
STUDENT MANAGED INVESTMENT FUND,"Rotaru, Camelia","['T', 'F']",12:30 - 13:45,TRUS 305,FINC,3399,1,REPEATABLE FOR DEGREE CREDIT,40625
INVESTMENT PRINCIPLES AND ANALYSIS,"Xie, Jane Qian","['T', 'Th']",11:00 - 12:15,TRUS 305,FINC,4341,1,,40627
REAL ESTATE FINANCE,"Suh, Sung Won","['M', 'W']",15:30 - 16:45,TRUS 305,FINC,4343,1,,40626
CASES IN APPLIED FINANCE,"Suh, Sung Won","['M', 'W']",17:00 - 18:15,TRUS 305,FINC,4349,1,,40628
FINANCIAL STATEMENT ANALYSIS,"Xie, Jane Qian",[],13:00 - 15:50,TRUS 305,FINC,6316,1,,40658
INTRODUCTION TO FORENSIC SCIENCE,"Jones, Karen Lee","['T', 'Th']",09:30 - 10:45,MOOD 305,FRSC,1319,1,TRAVEL-DOMESTIC,40775
CRIME SCENE INVESTIGATION I LAB,"Jones, Karen Lee",['W'],17:30 - 20:20,MOOD 305,FRSC,3120,1,TRAVEL-DOMESTIC,40776
CRIME SCENE INVESTIGATION I,"Jones, Karen Lee",['M'],17:30 - 20:20,MOOD 305,FRSC,3320,1,TRAVEL-DOMESTIC,40777
CRIME SCENE PHOTOGRAPHY,"Jones, Karen Lee",['T'],17:30 - 20:20,MOOD 305,FRSC,3332,1,TRAVEL-DOMESTIC,40778
PRINCIPLES AND PRACTICES OF SCIENCE AND LAW,"Stewart, Lisa","['T', 'Th']",18:00 - 19:15,MOOD 305,FRSC,4339,1,TRAVEL-DOMESTIC,40780
SENIOR RESEARCH SEMINAR IN FORENSIC SCIENCE,"Furey, Robert Emmett","['M', 'W']",14:00 - 15:15,MOOD 305,FRSC,4348,1,RESEARCH,40781
INTERNSHIP IN FORENSIC SCIENCE,"Furey, Robert Emmett",[],,None None,FRSC,4350,1,INTERNSHIP,40783
FORENSIC ENTOMOLOGY,"Furey, Robert Emmett",['T'],14:00 - 16:50,MOOD 305,FRSC,4435,1,EXCHANGE ELIGIBLE,40898
FRENCH I (INTRODUCTORY),"Seminet, Philippe Pascal","['M', 'W', 'F']",11:00 - 11:50,LIBR 143,FREN,1311,1,EXCHANGE ELIGIBLE,40370
FRENCH I (INTRODUCTORY),"Seminet, Philippe Pascal","['M', 'W', 'F']",12:00 - 12:50,LIBR 143,FREN,1311,2,EXCHANGE ELIGIBLE,40371
FRENCH III (INTERMEDIATE),,"['M', 'W', 'F']",13:00 - 13:50,JBWS 163,FREN,2311,1,GE MODERN LANGUAGE,40372
FRENCH INTERNSHIP,"Seminet, Philippe Pascal",[],,None None,FREN,4350,1,INTERNSHIP,40373
POPCULTURE: FILM AS TEXT,"Adams, Amy Jeanine","['T', 'Th']",11:00 - 12:15,MOOD 203,FSEM,1401,1,GE FRESHMAN SEMINAR,40213
POP CULTURE: THE PLAY IS THE THING,"Braun, Timothy Andrew","['T', 'Th']",11:00 - 12:15,LIBR 143,FSEM,1401,2,GE FRESHMAN SEMINAR,40214
POP CULTURE: GRAPHIC NOVELS ON SCREEN,"Williams, Travis Hedges","['T', 'Th']",11:00 - 12:15,LIBR None,FSEM,1401,3,GE FRESHMAN SEMINAR,40215
POP CULTURE: DYSTOPIA AT THE MOVIES,"Flynn, Christopher Bayton","['T', 'Th']",11:00 - 12:15,MOOD 200,FSEM,1401,4,GE FRESHMAN SEMINAR,40216
DREAMS &amp; NIGHTMARES: UTOPIAN &amp; DYSTOPIAN FICTION,"Dickinson, Jennifer Alvarez","['T', 'Th']",09:30 - 10:45,MOOD 203,FSEM,1403,1,GE FRESHMAN SEMINAR,40217
BANNED BOOKS IN DYSTOPIAN TIMES,"Barron, Alexandra Lynn","['T', 'Th']",09:30 - 10:45,TRUS 112,FSEM,1403,2,GE FRESHMAN SEMINAR,40218
CREATIVITY IN A TIME OF CHAOS,"Luu, Jimmy V.","['T', 'Th']",09:30 - 10:45,LIBR 143,FSEM,1403,3,GE FRESHMAN SEMINAR,40219
FRESHMAN SEMINAR: SUSTAINABILITY,"Concilio, Amy Lynn","['T', 'Th']",09:30 - 10:45,JBWS 163,FSEM,1404,1,GE FRESHMAN SEMINAR,40220
"SUSTAINABILITY, CITIES, &amp; URBAN FARMS","Hauser, Bonnie","['T', 'Th']",09:30 - 10:45,MOOD 204,FSEM,1404,2,GE FRESHMAN SEMINAR,40221
FRESHMAN SEMINAR: SUSTAINABILITY,"Johnson, Christopher Eric","['T', 'Th']",11:00 - 12:15,MOOD 211,FSEM,1404,3,GE FRESHMAN SEMINAR,40222
SOCIAL JUSTICE: GENDER IN PUBLIC SPACES,"Pinchero, Renee Kathleen","['T', 'Th']",09:30 - 10:45,MOOD 208,FSEM,1405,1,GE FRESHMAN SEMINAR,40223
SEARCHING FOR US: IDENTITY IN THE GLOBAL PERSPECTIVE,"Nichols, William E.","['M', 'W', 'F']",11:00 - 11:50,TRUS 211,FSEM,1407,1,GE FRESHMAN SEMINAR,40224
SEARCHING FOR US: IDENTITY IN THE GLOBAL PERSPECTIVE,"Nichols, William E.","['M', 'W', 'F']",10:00 - 10:50,TRUS 211,FSEM,1407,2,GE FRESHMAN SEMINAR,40225
"GLOBAL ENGAGEMENT: BTS, K-POP AND GLOBALIZATION OF CULTURE","Lee, Jooyoun","['M', 'W', 'F']",11:00 - 11:50,TRUS 215,FSEM,1407,3,GE FRESHMAN SEMINAR,40226
"GLOBAL ENGAGEMENT: BTS, K-POP AND GLOBALIZATION OF CULTURE","Lee, Jooyoun","['M', 'W', 'F']",10:00 - 10:50,TRUS 215,FSEM,1407,4,GE FRESHMAN SEMINAR,40227
"SCIENCE, MEDIA, AND SOCIAL JUSTICE","Hodge, Jonathan","['T', 'Th']",09:30 - 10:45,JBWS 361,FSEM,1409,1,GE FRESHMAN SEMINAR,40228
FR SEMINAR: COMMUNITY,"West, Sasha Sun","['T', 'Th']",11:00 - 12:15,JBWS 266,FSEM,1412,1,GE FRESHMAN SEMINAR,40229
RAIDERS OF THE LOST ARCHIVE,"Kotinsly, Joseph","['M', 'W', 'F']",10:00 - 10:50,JBWS 161,FSEM,1412,2,GE FRESHMAN SEMINAR,40230
TEACHING: TEACHER AND THE PUBLIC IMAGINARY,"Sloan, Kris","['T', 'Th']",12:30 - 13:45,MOOD 204,FSEM,1413,1,GE FRESHMAN SEMINAR,40231
WIRED MINDS: HOW TECHNOLOGY IS TRANSFORMING THE WAY WE LEARN,"Johnson, Brittney","['T', 'Th']",12:30 - 13:45,JBWS 163,FSEM,1413,2,GE FRESHMAN SEMINAR,40232
GERMAN I (INTRODUCTORY),"Einberger, Caryl Lyn","['T', 'Th']",12:30 - 13:45,TRUS 214,GERM,1311,1,EXCHANGE ELIGIBLE,40380
LAB I,"Lievens, Robert Daniel","['T', 'Th']",09:00 - 10:50,TRUS 108,GDES,1311,1,EXCHANGE ELIGIBLE,40374
TYPOGRAPHY I,"Lievens, Robert Daniel","['M', 'W']",09:00 - 10:50,TRUS 108,GDES,1314,1,EXCHANGE ELIGIBLE,40375
TYPOGRAPHY I,"Luu, Jimmy V.","['M', 'W']",14:30 - 16:20,TRUS 108,GDES,1314,2,GE CREATIVITY AND MAKING,40886
STUDIO I,"Phan, Tuan Duc","['T', 'Th']",14:30 - 16:20,TRUS 108,GDES,2313,1,EXCHANGE ELIGIBLE,40376
LAB II,"Lievens, Robert Daniel","['T', 'Th']",09:00 - 10:50,TRUS 108,GDES,2321,1,TRAVEL-DOMESTIC,40892
DESIGN HISTORY &amp; THEORY,"Luu, Jimmy V.","['M', 'W', 'F']",11:00 - 11:50,RAGS 101,GDES,3300,1,EXCHANGE ELIGIBLE,40377
TYPOGRAPHY II,"Luu, Jimmy V.","['M', 'W']",12:00 - 13:50,RAGS 101,GDES,3304,1,EXCHANGE ELIGIBLE,40378
INTERNSHIP IN GRAPHIC DESIGN,"Lievens, Robert Daniel",['F'],11:00 - 11:50,None None,GDES,4350,1,EXCHANGE ELIGIBLE,40379
INTRO TO CHEMISTRY FOR HEALTHCARE PROFESSIONS,,"['T', 'Th']",09:30 - 10:45,MOOD 200,HSCI,1305,1,,40250
INTRO TO CHEMISTRY FOR HEALTHCARE PROFESSIONS,,"['T', 'Th']",08:00 - 09:15,MOOD 200,HSCI,1305,2,,40251
CURRENT ISSUES IN HEALTH CARE,"Zadnik, Mary",['W'],13:00 - 16:00,MOOD 203,HSYS,3321,1,EXCHANGE ELIGIBLE,40252
INTERNSHIP/PRACTICUM,"Zadnik, Mary",['T'],13:00 - 16:00,None None,HSYS,4350,1,INTERNSHIP,40253
UNITED STATES HISTORY TO 1877,"Glenn, Daniel Patrick","['M', 'W', 'F']",13:00 - 13:50,TRUS 216,HIST,1301,1,GE DIVERSE AMERICAN PERSPECTVS,40111
U.S. HISTORY SINCE 1877,"Wilson, Christie Sample","['T', 'Th']",11:00 - 12:15,JBWS 165,HIST,1302,1,EXCHANGE ELIGIBLE,40877
HOW EUROPE WAS MADE,"Wilson, Christie Sample","['T', 'Th']",09:30 - 10:45,TRUS 118,HIST,2306,1,GE GLOBAL PERSPECTIVES,40117
WORLD CIVILIZATION: THE MODERN WORLD,"Kotinsly, Joseph","['M', 'W', 'F']",12:00 - 12:50,DOYL 134,HIST,2329,1,GE GLOBAL PERSPECTIVES,40113
"OLD WEST, NEW SOUTH, &amp; PURSUIT OF PROGRESS","Glenn, Daniel Patrick","['M', 'W', 'F']",11:00 - 11:50,TRUS 117,HIST,2349,1,GE DIVERSE AMERICAN PERSPECTVS,40115
"BIRTH OF MODERN EUROPE, 1500 - 1900","Wilson, Christie Sample","['M', 'W']",14:00 - 15:15,TRUS 113,HIST,2349,2,GE GLOBAL PERSPECTIVES,40118
"NUKES, WMD, &amp; ROGUE STATES IN MODERN MID EAST","Kotinsly, Joseph","['T', 'Th']",11:00 - 12:15,MOOD 204,HIST,2349,3,GE GLOBAL PERSPECTIVES,40116
"BIRTH OF MODERN EUROPE, 1500 - 1900","Wilson, Christie Sample","['M', 'W']",14:00 - 15:15,TRUS 113,HIST,3320,1,GE GLOBAL PERSPECTIVES,40119
"OLD WEST, NEW SOUTH, &amp; PURSUIT OF PROGRESS","Glenn, Daniel Patrick","['M', 'W', 'F']",11:00 - 11:50,TRUS 117,HIST,3332,1,GE DIVERSE AMERICAN PERSPECTVS,40112
"NUKES, WMD, AND ROGUE STATES IN THE MODERN MID EAST","Kotinsly, Joseph","['T', 'Th']",11:00 - 12:15,MOOD 204,HIST,3366,1,GE GLOBAL PERSPECTIVES,40114
PORTFOLIO,"Glenn, Daniel Patrick",['T'],15:30 - 16:20,TRUS 112,HIST,4164,1,,40120
SENIOR RESEARCH SEMINAR IN HISTORY,"Glenn, Daniel Patrick","['T', 'Th']",14:00 - 15:15,TRUS 112,HIST,4342,1,RESEARCH,40121
INTERNSHIP IN HISTORY,"Glenn, Daniel Patrick","['M', 'W', 'F']",10:00 - 10:50,TRUS 112,HIST,4350,1,INTERNSHIP,40122
HONORS SPECIAL TOPICS:,"Green, Michelle","['M', 'W', 'F']",13:00 - 13:50,JBWN 202,HONS,1340,1,GE NATURAL SCIENCES,40233
"FRAUDSTERS, HACKS, &amp; THE DARK SIDE OF ENTREPRENEURSHIP","Dunn, Mary Bowker",['Th'],11:00 - 12:15,MOOD 306,HONS,2160,1,REPEATABLE FOR DEGREE CREDIT,40234
INTRO TO THE LIBERAL ARTS,"Woelk, Emma",['F'],14:00 - 14:50,JBWS 186,HONS,2160,2,REPEATABLE FOR DEGREE CREDIT,40235
HONORS MENTORS,"Woelk, Emma",['F'],14:00 - 15:50,JBWS 186,HONS,2160,3,REPEATABLE FOR DEGREE CREDIT,40236
VIRTUOUS CYCLES,"Woelk, Emma",['W'],13:00 - 13:50,HOLY 402,HONS,2160,4,GE MM EXP LEARNING SOC JUSTICE,40875
THE ART &amp; SCIENCE OF PUBLIC SPEAKING,"Varner, Teri Lynn","['T', 'Th']",11:00 - 12:15,HOLY 402,HONS,2312,1,GE ORAL COMMUNICATION,40237
WRITING AMERICA,"Lock, Julia Corinne","['T', 'Th']",09:30 - 10:45,JBWS 363,HONS,2315,1,GE EXPLORING ARTISTIC WORKS,40238
RAIDERS OF THE LOST ARCHIVE,"Wilson, Christie Sample","['T', 'Th']",12:30 - 13:45,HOLY 402,HONS,2360,1,GE DIVERSE AMERICAN PERSPECTVS,40239
MEDICAL ETHICS,"Cherry, Mark J.",['T'],18:30 - 21:20,JBWS 363,HONS,3329,1,GE ETHICS,40240
DIRECTED READINGS: LEGAL ETHICS,"Musselman, Jack Donahue","['T', 'Th']",17:00 - 18:15,TRUS 216,HONS,3329,2,GE ETHICS,40241
THESIS PREP,"Lock, Julia Corinne","['T', 'Th']",14:00 - 15:15,HOLY 402,HONS,4370,1,REPEATABLE FOR DEGREE CREDIT,40242
TOPPER PRIDE,"Kinsey, Michael R.",['M'],08:00 - 08:50,MOOD 208,HDED,1111,1,TRAVEL-DOMESTIC,40246
TOPPER PRIDE,"Kinsey, Michael R.",['T'],14:00 - 14:50,MOOD 209,HDED,1111,2,TRAVEL-DOMESTIC,40247
GLOBAL ISSUES,"Cross, Sharyl Nicolette",[],,None None,INTA,1322,1,GE GLOBAL PERSPECTIVES,40123
GLOBAL ISSUES,"Cross, Sharyl Nicolette","['T', 'Th']",11:00 - 12:15,MOOD 302,INTA,1322,2,GE GLOBAL PERSPECTIVES,40124
SURVEY OF LATIN AMERICA,"Nunes, Rodrigo Marinho","['T', 'Th']",09:30 - 10:45,DOYL 130,INTA,1324,1,GE GLOBAL PERSPECTIVES,40126
SURVEY OF EUROPE,"Nichols, William E.","['T', 'Th']",12:30 - 13:45,DOYL 130,INTA,1325,1,GE GLOBAL PERSPECTIVES,40127
INTERNATIONAL ORGANIZATIONS,"Guner, Selin Ece","['T', 'Th']",11:00 - 12:15,DOYL 134,INTA,3337,1,,40128
STUDY ABROAD,"Nichols, William E.","['M', 'W']",17:00 - 18:15,TRUS 112,INTA,4151,1,AEL ABROAD TRAVEL,40129
INTERNATIONAL POLITICS OF RUSSIA,"Cross, Sharyl Nicolette","['T', 'Th']",09:30 - 10:45,MOOD 302,INTA,4349,1,REPEATABLE FOR DEGREE CREDIT,40888
INTERNSHIP IN INTL AFFAIRS,"Lee, Jooyoun","['T', 'Th']",08:00 - 09:15,DOYL 130,INTA,4352,1,GE MM EXP LEARNING SOC JUSTICE,40130
INTERNATIONAL TRADE &amp; FINANCE,"Ahmed, Haydory Akbar","['T', 'Th']",14:00 - 15:15,TRUS 117,IBUS,3336,1,,40629
INTERNATIONAL MARKETING,"Mohamed, Mortada Mostafa","['T', 'Th']",09:30 - 10:45,TRUS 214,IBUS,4341,1,EXCHANGE ELIGIBLE,40631
INTERNATIONAL BUSINESS ADMIN,"Swid, Amr A","['T', 'Th']",09:30 - 10:45,TRUS 216,IBUS,4380,1,EXCHANGE ELIGIBLE,40632
INTERNATIONAL BUSINESS ADMIN,"Swid, Amr A","['T', 'Th']",11:00 - 12:15,TRUS 216,IBUS,4380,2,EXCHANGE ELIGIBLE,40633
JAPANESE I (INTRODUCTORY),"Ginther, Risa","['M', 'W', 'F']",12:00 - 12:50,TRUS 214,JAPN,1311,1,EXCHANGE ELIGIBLE,40381
JAPANESE I (INTRODUCTORY),"Ginther, Risa","['M', 'W', 'F']",11:00 - 11:50,TRUS 214,JAPN,1311,2,EXCHANGE ELIGIBLE,40382
JAPANESE III (INTERMEDIATE),"Ginther, Risa","['M', 'W', 'F']",13:00 - 13:50,TRUS 214,JAPN,2311,1,GE MODERN LANGUAGE,40383
INTRODUCTION TO WRITING &amp; REPORTING NEWS,"Heath, Jennifer Ann","['T', 'Th']",11:00 - 12:15,MOOD 212,JOUR,2321,1,AEL FIELD EXPERIENCE,40384
DIGITAL MEDIA PRODUCTION AND DESIGN,"Yowell, Charles Curtis","['T', 'Th']",09:30 - 10:45,TRUS 215,JOUR,3314,1,AEL CREATIVE WORKS,40386
DIGITAL INVESTIGATIVE TECHNIQUES WITH AI,"Yowell, Charles Curtis","['T', 'Th']",12:30 - 13:45,TRUS 118,JOUR,3318,1,,40881
ENVIRONMENTAL JOURNALISM,"Yowell, Charles Curtis","['T', 'Th']",14:00 - 15:15,MOOD 304,JOUR,4331,1,GE MM EXP LEARNING SOC JUSTICE,40880
INTERNSHIP IN JOURNALISM AND DIGITAL MEDIA,"Yowell, Charles Curtis",[],,None None,JOUR,4350,1,INTERNSHIP,40388
BASIC PILATES,"Younkman, Amy C.","['M', 'W']",14:00 - 15:15,RECC 350,KINE,1109,1,EXCHANGE ELIGIBLE,40784
BASIC PILATES,"Younkman, Amy C.","['M', 'W']",15:30 - 16:45,RECC 350,KINE,1109,2,EXCHANGE ELIGIBLE,40785
BASIC FENCING,"VanderWege, Gary","['T', 'Th']",09:30 - 10:45,ALUM 100,KINE,1117,1,EXCHANGE ELIGIBLE,40786
BASIC YOGA,"Haginas, Brett Elizabeth","['T', 'Th']",09:30 - 10:45,RECC 350,KINE,1118,1,EXCHANGE ELIGIBLE,40787
BASIC YOGA,"Haginas, Brett Elizabeth","['T', 'Th']",11:00 - 12:15,RECC 350,KINE,1118,2,EXCHANGE ELIGIBLE,40788
BASIC SELF DEFENSE,"Bluestein Levin, Herschel","['M', 'W', 'F']",09:00 - 09:50,ALUM 100,KINE,1119,1,EXCHANGE ELIGIBLE,40789
INTERMEDIATE YOGA,"Haginas, Brett Elizabeth","['T', 'Th']",14:00 - 15:15,RECC 350,KINE,1129,1,EXCHANGE ELIGIBLE,40790
TAI CHI AND KUNG FU,"Chavez, Antonio Tomas","['M', 'W', 'F']",11:00 - 11:50,ALUM 100,KINE,1199,1,EXCHANGE ELIGIBLE,40791
INTRODUCTION TO KINESIOLOGY AND SPORTS SCIENCES,"Alicea, Sheila Kathleen","['M', 'W', 'F']",10:00 - 10:50,MOOD 200,KINE,1311,1,EXCHANGE ELIGIBLE,40792
INTRODUCTION TO KINESIOLOGY AND SPORTS SCIENCES,"Alicea, Sheila Kathleen","['M', 'W', 'F']",11:00 - 11:50,MOOD 200,KINE,1311,2,EXCHANGE ELIGIBLE,40793
SAFETY AND FIRST AID,,"['T', 'Th']",08:00 - 09:15,RECC 231,KINE,1320,1,EXCHANGE ELIGIBLE,40794
"TAPING, BANDAGING &amp; FIRST AID","Hultgren, Andrea",[],,None None,KINE,2151,1,AEL FIELD EXPERIENCE,40795
"PHYSICAL ACTIVITY, RECREATION AND SPORTS FOR SPECIAL POPULATIONS","Ballard, Kristy Kay","['T', 'Th']",09:30 - 10:45,RECC 231,KINE,2324,1,GE MM EXP LEARNING SOC JUSTICE,40796
PREVENTION AND TREATMENT OF ATHLETIC INJURIES,,"['M', 'W', 'F']",09:00 - 09:50,RECC 231,KINE,2335,1,,40797
SPORTS NUTRITION,"Ballard, Kristy Kay","['M', 'W', 'F']",11:00 - 11:50,JBWS 267,KINE,2339,1,,40798
CONCEPTS OF PHYSICAL FITNESS AND WELLNESS,"Alicea, Sheila Kathleen","['T', 'Th']",12:30 - 13:45,JBWS 267,KINE,2344,1,,40799
EVALUATION - ATHLETICS INJURIES LAB,"Martinez, Amanda Renee",[],,None None,KINE,3147,1,AEL FIELD EXPERIENCE,40800
MUSCULOSKELETAL ANATOMY AND BIOMECHANICS,,"['T', 'Th']",14:00 - 15:15,JBWS 267,KINE,3334,1,TRAVEL-DOMESTIC,40802
MOTOR LEARNING AND DEVELOPMENT,"Ballard, Kristy Kay","['M', 'W', 'F']",13:00 - 13:50,JBWS 267,KINE,3338,1,,40861
MEASUREMENT AND EVALUATION IN KINESIOLOGY AND SPORTS,"Ballard, Kristy Kay","['T', 'Th']",12:30 - 13:45,RECC 231,KINE,3346,1,TRAVEL-DOMESTIC,40803
EVALUATION OF ATHLETIC  INJURIES,"Martinez, Amanda Renee","['T', 'Th']",11:00 - 12:15,RECC 231,KINE,3347,1,,40804
INTERNSHIP-KINESIOLOGY/SPORTS,"Ballard, Kristy Kay",[],,None None,KINE,4150,1,INTERNSHIP,40805
ATHLETIC TRAINING SEMINAR I,"Martinez, Amanda Renee",[],,None None,KINE,4165,1,AEL FIELD EXPERIENCE,40806
INTERNSHIP-KINESIOLOGY/SPORTS,"Ballard, Kristy Kay",[],,None None,KINE,4250,1,INTERNSHIP,40807
EXERCISE PHYSIOLOGY,,"['T', 'Th']",11:00 - 12:15,JBWS 361,KINE,4337,1,,40808
FACILITY DESIGN &amp; FACILITY/EVENT MANAGEMENT,"Alicea, Sheila Kathleen","['T', 'Th']",11:00 - 12:15,JBWS 267,KINE,4342,1,GE MM SOCIAL IDENTITIES,40801
LEGAL AND ETHICAL ISSUES IN SPORTS AND KINESIOLOGY,"Knorr, John E.","['M', 'W', 'F']",09:00 - 09:50,JBWS 267,KINE,4345,1,,40809
INTERNSHIP-KINESIOLOGY/SPORTS,"Knorr, John E.",[],,None None,KINE,4350,1,INTERNSHIP,40810
DISSERTATION HOURS,,[],,None None,DLHE,7099,1,,40046
LEADERSHIP IN 21ST CENTURY,"Sechrest, Thomas L.",['T'],19:00 - 20:30,None None,DLHE,7301,1,,40047
DEMYSTIFYING DOCTORAL RESEARCH &amp; WRITING,"Loughmiller, Leslie L.",['T'],19:00 - 20:30,None None,DLHE,7303,1,,40048
INTRO TO DIGITAL LEARNING ENVIRONMENTS,"Davis, Rebecca Frost",['W'],19:00 - 20:30,None None,DLHE,7305,1,,40057
"ETHICAL DECISION-MAKING: GLOBAL ISSUES, FRAMEWORKS, APPROACHES","Sloan, Kris",['W'],19:00 - 20:30,None None,DLHE,7309,1,,40049
PREDICTIVE ANALYTICS,"Bennett, Lance Kyle",['W'],19:00 - 20:30,None None,DLHE,7315,1,,40050
RESEARCH METHODS III: METHODOLOGY,"Loughmiller, Leslie L.",['W'],19:00 - 20:30,None None,DLHE,7323,1,,40051
"DISSERTATION RESEARCH: IMPLEMENTATION, ANALYSIS, DEFENSE","Sechrest, Thomas L.",[],,None None,DLHE,7326,1,,40052
"DISSERTATION RESEARCH: IMPLEMENTATION, ANALYSIS, DEFENSE","Loughmiller, Leslie L.",[],,None None,DLHE,7326,2,,40053
"DISSERTATION RESEARCH: IMPLEMENTATION, ANALYSIS, DEFENSE","Sechrest, Thomas L.",[],,None None,DLHE,7326,3,,40054
LITERATURE REVIEW,"Loughmiller, Leslie L.",['W'],19:00 - 20:30,None None,DLHE,7327,1,,40055
DISSERTATION PROPOSAL OVERVIEW,"Keeney, Hunter",['W'],19:00 - 20:30,None None,DLHE,7328,1,,40056
"STRATEGIC THINKING, PLANNING &amp; ACTING","Sechrest, Thomas L.",['W'],19:00 - 20:30,None None,DLHE,7331,1,,40058
PRINCIPLES &amp; PRACTICES OF ORG CHANGE,"Gardner, William Payne",['W'],19:00 - 20:30,None None,DLHE,7341,1,,40059
DESIGN THINKING: CREATIVITY &amp; INNOVATION,,['W'],19:00 - 20:30,None None,DLHE,7351,1,,40060
CONFLICT ANALYSIS &amp; RESOLUTION,"Avery, Henry Clifton",['T'],19:00 - 20:30,None None,DLHE,7353,1,,40061
INTRO TO LEADERSHIP &amp; SOCIAL JUSTICE,"Sloan, Kris",[],,None None,LDSJ,1301,1,,40131
LEADERSHIP &amp; SOCIAL JUSTICE CAPSTONE,"Sloan, Kris",[],,None None,LDSJ,4360,1,RESEARCH,40132
CRITICAL EVALUATION-RESEARCH,"Agarwal, Sarah",['T'],18:30 - 21:20,TRUS 216,CNCO,6317,1,,40002
PROFESSIONAL ORIENTATION,"Molina, Amaris",['T'],18:30 - 21:20,TRUS 112,CNCO,6318,1,TRAVEL-DOMESTIC,40003
PROFESSIONAL ORIENTATION,,['M'],18:30 - 21:20,TRUS 116,CNCO,6318,2,TRAVEL-DOMESTIC,40004
PROFESSIONAL ORIENTATION,"Alvarado-Biehl, Melissa",['M'],18:30 - 21:20,DOYL 132,CNCO,6318,3,TRAVEL-DOMESTIC,40005
COUNSELING SKILLS &amp; TECHNIQUES,"Alvarado-Biehl, Melissa",['T'],09:30 - 12:15,MOOD 306,CNCO,6351,1,,40006
COUNSELING SKILLS &amp; TECHNIQUES,"Folkes, Marcus",['T'],18:30 - 21:20,TRUS 211,CNCO,6351,2,,40007
COUNSELING THEORIES,"Croffie, Alexis Leighton",['W'],14:00 - 16:50,MOOD 202,CNCO,6352,1,,40008
COUNSELING THEORIES,,['T'],18:30 - 21:20,TRUS 116,CNCO,6352,2,,40009
COUNSELING THEORIES,,['Th'],18:30 - 21:20,TRUS 116,CNCO,6352,3,,40010
ABNORMAL HUMAN BEHAVIOR &amp; PSYCHOPATHOLOGY,"Hardin, Angela Sue",['Th'],18:30 - 21:20,DOYL 130,CNCO,6354,1,,40011
ABNORMAL HUMAN BEHAVIOR &amp; PSYCHOPATHOLOGY,,['Th'],14:00 - 16:50,MOOD 212,CNCO,6354,2,,40012
COUNSELING DIVERSE POPULATIONS,,['W'],18:30 - 21:20,DOYL 132,CNCO,6355,1,TRAVEL-DOMESTIC,40013
COUNSELING DIVERSE POPULATIONS,,['M'],14:00 - 16:50,MOOD 300,CNCO,6355,2,TRAVEL-DOMESTIC,40014
HUMAN GROWTH &amp; DEVELOPMENT,"McHenry, William James",['Th'],18:30 - 21:20,DOYL 132,CNCO,6356,1,,40015
LEGAL AND ETHICAL ISSUES FOR COUNSELING  PROFESSIONALS,"Alvarado-Biehl, Melissa",['M'],14:00 - 16:50,MOOD 306,CNCO,6363,1,,40016
LEGAL AND ETHICAL ISSUES FOR COUNSELING  PROFESSIONALS,,['W'],18:30 - 21:20,TRUS 116,CNCO,6363,2,,40017
INTRODUCTION TO SYSTEM THEORIES IN COUNSELING,"Croffie, Alexis Leighton",['T'],14:00 - 16:50,MOOD 211,CNCO,6364,1,,40018
INTRODUCTION TO SYSTEM THEORIES IN COUNSELING,"Molina, Amaris",['W'],14:00 - 16:50,MOOD 306,CNCO,6364,2,,40019
OVERVIEW OF TREATMENT WITH CHILDREN &amp; ADOLESCENTS,,['T'],18:30 - 21:20,DOYL 132,CNSL,6332,1,,40020
GROUP COUNSELING,,['W'],18:30 - 21:20,TRUS 113,CNSL,6353,1,,40021
GROUP COUNSELING,"Garcia, Jessenia",['W'],14:00 - 16:50,MOOD 300,CNSL,6353,2,,40022
ADV PSYCHOPATHOLOGY &amp; PSYCHOPHARMACOLOGY,"Folkes, Marcus",['Th'],18:30 - 21:20,DOYL 134,CNSL,6355,1,,40023
ADV PSYCHOPATHOLOGY &amp; PSYCHOPHARMACOLOGY,"Folkes, Marcus",['Th'],14:00 - 16:50,MOOD 211,CNSL,6355,2,,40024
ADDICTIONS COUNSELING,,['M'],18:30 - 21:20,TRUS 117,CNSL,6360,1,,40025
ADDICTIONS COUNSELING,"McHenry, William James",['Th'],14:00 - 16:50,MOOD 306,CNSL,6360,2,,40026
ASSESSMENT TECHNIQUES,,['T'],18:30 - 21:20,TRUS 214,CNSL,6361,1,,40027
ASSESSMENT TECHNIQUES,"Garcia, Jessenia",['W'],10:00 - 12:50,MOOD 211,CNSL,6361,2,,40028
CAREER COUNSELING,"McHenry, William James",['W'],18:30 - 21:20,DOYL 130,CNSL,6362,1,,40029
CAREER COUNSELING,"Molina, Amaris",['T'],14:00 - 16:50,MOOD 306,CNSL,6362,2,,40030
COGNITIVE &amp; BEHAVIORAL INTERVENTIONS IN COUNSELING,"Alvarado-Biehl, Melissa",['T'],18:30 - 21:20,DOYL 130,CNSL,6366,1,,40031
INTRODUCTION TO PLAY THERAPY,"Agarwal, Sarah",['W'],10:00 - 12:50,MOOD 306,CNSL,6366,2,,40032
INTEGRATING GAMING INTERVENSIONS INTO COUNSELING APPROACHES,"Croffie, Alexis Leighton",['W'],18:30 - 21:20,DOYL 134,CNSL,6366,3,,40033
COUNSELING PRACTICUM,,['Th'],18:30 - 21:20,TRUS 113,CNSL,6367,1,INTERNSHIP,40034
COUNSELING PRACTICUM,"Agarwal, Sarah",['M'],10:00 - 12:50,EAST 153,CNSL,6367,2,INTERNSHIP,40035
COUNSELING PRACTICUM,"Croffie, Alexis Leighton",['M'],18:30 - 21:20,DOYL 134,CNSL,6367,3,INTERNSHIP,40036
COUNSELING INTERNSHIP I,"Garcia, Jessenia",['Th'],18:30 - 21:20,TRUS 112,CNSL,6368,1,INTERNSHIP,40037
COUNSELING INTERNSHIP I,,['M'],10:00 - 12:50,MOOD 211,CNSL,6368,2,INTERNSHIP,40038
COUNSELING INTERNSHIP I,"Molina, Amaris",['M'],18:30 - 21:20,TRUS 113,CNSL,6368,3,INTERNSHIP,40039
COUNSELING INTERNSHIP II,"McHenry, William James",['M'],18:30 - 21:20,DOYL 130,CNSL,6369,1,INTERNSHIP,40040
COUNSELING INTERNSHIP II,,['T'],18:30 - 21:20,TRUS 113,CNSL,6369,2,INTERNSHIP,40041
COUNSELING INTERNSHIP II,,['M'],10:00 - 12:50,MOOD 306,CNSL,6369,3,INTERNSHIP,40042
CRISIS &amp; TRAUMA MANAGEMENT,,['Th'],18:30 - 21:20,TRUS 117,CNSL,6371,1,,40043
"MARRIAGE, COUPLES &amp; FAMILIES IN THE LIFE CYCLE",,['W'],18:30 - 21:20,TRUS 112,CNSL,6372,1,,40044
RELATIONSHIPS &amp; SEXUALITY IN COUPLES COUNSELING,,['T'],18:30 - 21:20,TRUS 215,CNSL,6374,1,,40045
PROJECT MANAGEMENT,"Brunner, Frances Inez","['T', 'Th']",17:00 - 18:15,TRUS 303,MGMT,3326,1,,40634
HUMAN RESOURCES MANAGEMENT,"Malcomb, Claire",['W'],18:00 - 20:50,TRUS 203,MGMT,3332,1,EXCHANGE ELIGIBLE,40635
ORG BEHAVIOR/LEADING TEAMS &amp; ORGANIZATIONS,"Malcomb, Claire","['M', 'W']",15:30 - 16:45,TRUS 211,MGMT,3334,1,EXCHANGE ELIGIBLE,40636
ORG BEHAVIOR/LEADING TEAMS &amp; ORGANIZATIONS,"Malcomb, Claire","['M', 'W']",14:00 - 15:15,TRUS 211,MGMT,3334,2,EXCHANGE ELIGIBLE,40637
ORG BEHAVIOR/LEADING TEAMS &amp; ORGANIZATIONS,"Shin, Natalie Jungyoun","['T', 'Th']",11:00 - 12:15,MOOD 209,MGMT,3334,3,EXCHANGE ELIGIBLE,40638
ORG BEHAVIOR/LEADING TEAMS &amp; ORGANIZATIONS,"Shin, Natalie Jungyoun","['T', 'Th']",09:30 - 10:45,MOOD 209,MGMT,3334,4,EXCHANGE ELIGIBLE,40639
ORG BEHAVIOR/LEADING TEAMS &amp; ORGANIZATIONS,,"['M', 'W']",15:30 - 16:45,TRUS 303,MGMT,3334,5,GE MM SOCIAL IDENTITIES,40885
PRINCIPLES OF OPERATIONS,"Jadidi, Omid","['M', 'W', 'F']",09:00 - 09:50,TRUS 303,MGMT,3340,1,EXCHANGE ELIGIBLE,40641
PRINCIPLES OF OPERATIONS,"Jadidi, Omid","['M', 'W', 'F']",10:00 - 10:50,TRUS 303,MGMT,3340,2,EXCHANGE ELIGIBLE,40642
PRINCIPLES OF OPERATIONS,"Jadidi, Omid","['M', 'W', 'F']",11:00 - 11:50,TRUS 303,MGMT,3340,3,EXCHANGE ELIGIBLE,40643
PROBLEM SOLVING AND DECISION MAKING,"Wilburn, Kathleen M.","['M', 'W']",14:00 - 15:15,TRUS 216,MGMT,4343,1,,40644
INNOVATION &amp; DISRUPTION MGT,"Brish, Arie",[],09:00 - 11:50,TRUS 215,MGMT,6328,1,,40552
STRATEGIES IN OPERATIONS MGT,"Cepeda, Gustavo",[],13:00 - 15:50,TRUS 216,MGMT,6332,1,,40553
MANAGING DYNAMIC ORGS,"Dunn, Mary Bowker",[],09:00 - 11:50,TRUS 211,MGMT,6334,1,,40554
SOCIAL RESPONSIBILITY OF BUSI,"Wilburn, Kathleen M.",[],09:00 - 11:50,None None,MGMT,6336,1,,40555
STRATEGIC LEADERSHIP DEVELOP,"Swid, Amr A",[],09:00 - 11:50,TRUS 216,MGMT,6348,1,,40556
MBA CONSULTING CAPSTONE,"Amini Sedeh, Amirmahmood",[],13:00 - 15:50,TRUS 211,MGMT,6350,1,TRAVEL-DOMESTIC,40557
GLOBAL LOGISTICS &amp; SUPPLY CHAIN MANAGEMENT,"Jadidi, Omid",[],09:00 - 11:50,TRUS 214,MGMT,6352,1,,40558
PRINCIPLES OF MARKETING,"Hasan, Tushmit Mehruba","['T', 'Th']",11:00 - 12:15,TRUS 104,MKTG,2301,1,EXCHANGE ELIGIBLE,40647
PRINCIPLES OF MARKETING,"Hasan, Tushmit Mehruba","['T', 'Th']",14:00 - 15:15,TRUS 104,MKTG,2301,2,EXCHANGE ELIGIBLE,40648
PRINCIPLES OF MARKETING,"Christopher, David Alan","['M', 'W']",15:30 - 16:45,MOOD 302,MKTG,2301,3,,40649
SALES &amp; RELATIONSHIP MGMT,"Mohamed, Mortada Mostafa","['T', 'Th']",11:00 - 12:15,TRUS 214,MKTG,3332,1,,40650
SOCIAL MEDIA MARKETING,"Hasan, Tushmit Mehruba","['T', 'Th']",15:30 - 16:45,TRUS 104,MKTG,3335,1,EXCHANGE ELIGIBLE,40651
BUYER BEHAVIOR,"Pollitte, Wesley","['T', 'Th']",12:30 - 13:45,TRUS 215,MKTG,3336,1,EXCHANGE ELIGIBLE,40652
MARKETING RESEARCH AND ANALYTICS,"Pollitte, Wesley","['T', 'Th']",14:00 - 15:15,TRUS 205,MKTG,3343,1,EXCHANGE ELIGIBLE,40653
INTERNATIONAL MARKETING,"Mohamed, Mortada Mostafa","['T', 'Th']",09:30 - 10:45,TRUS 214,MKTG,4341,1,EXCHANGE ELIGIBLE,40654
DIGITAL MARKETING &amp; ANALYTICS,"Oyedele, Adesegun","['T', 'Th']",14:00 - 15:15,TRUS 216,MKTG,4342,1,EXCHANGE ELIGIBLE,40655
ADVANCED MARKETING MANAGEMENT,"Oyedele, Adesegun","['T', 'Th']",12:30 - 13:45,TRUS 216,MKTG,4345,1,AEL FIELD EXPERIENCE,40656
MARKETING MGT IN DIGITAL ENVIR,"Oyedele, Adesegun",[],13:00 - 15:50,TRUS 215,MKTG,6315,1,,40559
DIGITAL MARKETING FUNDAMENTALS,"Hasan, Tushmit Mehruba",['W'],19:00 - 20:30,None None,MKTG,6320,1,,40560
MARKETING DATA ANALYTICS,"Pollitte, Wesley",['Th'],19:00 - 20:30,None None,MKTG,6322,1,,40561
MANAGING SOCIAL MEDIA MKTG,"Portillo, Carol D.",[],13:00 - 15:50,TRUS 116,MKTG,6325,1,,40562
MARKETING METRICS &amp; ANALYTICS,"Allison, Kyle Patrick",['Th'],19:00 - 20:30,None None,MKTG,6336,1,,40563
SOCIAL MEDIA ANALYTICS,"James, Juli",['Th'],19:00 - 20:30,None None,MKTG,6342,1,,40645
MANAGING DIGITAL MARKETING ORG,"Portillo, Carol D.",['W'],19:00 - 20:30,None None,MKTG,6350,1,,40646
SUPPORT FOR SUCCESS IN MATH,"Cicciarelli, Monica","['T', 'Th']",12:30 - 13:45,JBWS 361,MATH,102,1,REPEATABLE FOR DEGREE CREDIT,40811
SUPPORT FOR SUCCESS-STATISTICS,"Staab, Christine Renee","['M', 'W']",15:30 - 16:45,JBWS 363,MATH,104,1,,40812
SUPPORT FOR SUCCESS-STATISTICS,"Staab, Christine Renee","['M', 'W']",14:00 - 15:15,JBWS 363,MATH,104,2,,40813
SUPPORT FOR SUCCESS IN COLLEGE ALGEBRA,,"['T', 'Th']",15:30 - 16:45,JBWS 268,MATH,114,1,,40814
SUPPORT FOR SUCCESS IN COLLEGE ALGEBRA,,"['T', 'Th']",17:00 - 18:15,JBWS 268,MATH,114,2,,40815
SUPPORT FOR SUCCESS IN COLLEGE ALGEBRA,,"['T', 'Th']",14:00 - 15:15,JBWS 268,MATH,114,3,,40816
SUPPORT FOR SUCCESS IN MATH FOR BUSINESS,,"['M', 'W']",14:00 - 15:15,JBWS 268,MATH,124,1,,40817
SUPPORT FOR SUCCESS IN MATH FOR BUSINESS,,"['M', 'W']",15:30 - 16:45,JBWS 361,MATH,124,2,,40818
SUPPORT FOR SUCCESS IN MATH FOR BUSINESS,,"['M', 'W']",17:00 - 18:15,JBWS 363,MATH,124,3,,40819
SUPPORT FOR SUCCESS IN MATH FOR BUSINESS,,"['M', 'W']",14:00 - 15:15,JBWS 361,MATH,124,4,,40820
QUANTITATIVE REASONING,"Saclolo, Michael P.","['T', 'Th']",14:00 - 15:15,JBWS 266,MATH,1312,1,EXCHANGE ELIGIBLE,40821
QUANTITATIVE REASONING,"Saclolo, Michael P.","['T', 'Th']",15:30 - 16:45,JBWS 266,MATH,1312,2,EXCHANGE ELIGIBLE,40822
COLLEGE ALGEBRA,,"['M', 'W', 'F']",10:00 - 10:50,MOOD 205,MATH,1314,1,EXCHANGE ELIGIBLE,40823
COLLEGE ALGEBRA,,"['M', 'W', 'F']",11:00 - 11:50,JBWS 268,MATH,1314,2,EXCHANGE ELIGIBLE,40824
COLLEGE ALGEBRA,,"['M', 'W', 'F']",13:00 - 13:50,JBWS 268,MATH,1314,3,EXCHANGE ELIGIBLE,40825
COLLEGE ALGEBRA,,"['M', 'W', 'F']",12:00 - 12:50,JBWS 268,MATH,1314,4,EXCHANGE ELIGIBLE,40826
MATHEMATICS FOR BUSINESS,,"['T', 'Th']",12:30 - 13:45,JBWS 268,MATH,1324,1,EXCHANGE ELIGIBLE,40827
MATHEMATICS FOR BUSINESS,,"['T', 'Th']",14:00 - 15:15,JBWS 361,MATH,1324,2,EXCHANGE ELIGIBLE,40828
MATHEMATICS FOR BUSINESS,,"['T', 'Th']",15:30 - 16:45,JBWS 361,MATH,1324,3,EXCHANGE ELIGIBLE,40829
MATHEMATICS FOR BUSINESS,,"['T', 'Th']",17:00 - 18:15,JBWS 266,MATH,1324,4,EXCHANGE ELIGIBLE,40830
MATHEMATICS FOR BUSINESS,,"['T', 'Th']",11:00 - 12:15,JBWS 268,MATH,1324,5,EXCHANGE ELIGIBLE,40831
MATHEMATICS FOR BUSINESS,,"['T', 'Th']",15:30 - 16:45,JBWS 264,MATH,1324,6,EXCHANGE ELIGIBLE,40832
PRECALCULUS,,"['M', 'W', 'F']",09:00 - 09:50,JBWS 266,MATH,2312,1,EXCHANGE ELIGIBLE,40833
PRECALCULUS,,"['M', 'W', 'F']",10:00 - 10:50,JBWS 266,MATH,2312,2,EXCHANGE ELIGIBLE,40834
PRECALCULUS,"Gee, Carol","['M', 'W', 'F']",12:00 - 12:50,JBWS 266,MATH,2312,3,EXCHANGE ELIGIBLE,40835
DISCRETE MATHEMATICS,"Sherman, Casey Lynn","['T', 'Th']",09:30 - 10:45,JBWS 268,MATH,2315,1,EXCHANGE ELIGIBLE,40836
DISCRETE MATHEMATICS,"Sherman, Casey Lynn","['T', 'Th']",14:00 - 15:15,JBWS 264,MATH,2315,2,EXCHANGE ELIGIBLE,40837
ELEMENTARY APPLIED STATISTICS,"Savala, Paul Daniel","['M', 'W', 'F']",10:00 - 10:50,JBWS 262,MATH,2319,1,GE QUANTITATIVE REASONING,40838
CALCULUS III,,"['M', 'W', 'F']",10:00 - 10:50,JBWS 268,MATH,2321,1,GE QUANTITATIVE REASONING,40893
INTRODUCTION TO DATA ANALYSIS,"Savala, Paul Daniel","['T', 'Th']",12:30 - 13:45,JBWS 266,MATH,2327,1,EXCHANGE ELIGIBLE,40839
CALCULUS I,"Callahan, Jason Todd",['Th'],09:30 - 10:45,JBWS 266,MATH,2413,1,EXCHANGE ELIGIBLE,40840
CALCULUS I,"Sherman, Casey Lynn",['Th'],12:30 - 13:45,JBWS 366,MATH,2413,2,EXCHANGE ELIGIBLE,40841
CALCULUS II,"Gee, Carol","['M', 'W', 'F']",11:00 - 11:50,JBWS 366,MATH,2414,1,EXCHANGE ELIGIBLE,40842
DIFFERENTIAL EQUATIONS,"Saclolo, Michael P.","['M', 'W', 'F']",11:00 - 11:50,JBWS 363,MATH,3310,1,EXCHANGE ELIGIBLE,40843
INTRO TO MATHEMATICAL STATS,"Talafha, Ahmad Mahmoud Abdelhamid","['M', 'W', 'F']",12:00 - 12:50,JBWS 366,MATH,3326,1,,40844
NUMERICAL &amp; SCIENTIFIC METHODS,"Walter, Paul J","['M', 'W', 'F']",13:00 - 13:50,JBWS 366,MATH,3338,1,,40876
INTERNSHIP IN MATHEMATICS,"Savala, Paul Daniel",[],,None None,MATH,4150,1,INTERNSHIP,40845
RESEARCH,"Callahan, Jason Todd",['F'],14:00 - 16:50,JBWS 363,MATH,4157,1,INTERNSHIP,40846
RESEARCH,"Early, Edward F.",['F'],14:00 - 16:50,JBWS 363,MATH,4157,2,INTERNSHIP,40847
RESEARCH,"Gee, Carol",['F'],14:00 - 16:50,JBWS 363,MATH,4157,3,INTERNSHIP,40848
RESEARCH,"Saclolo, Michael P.",['F'],14:00 - 16:50,JBWS 363,MATH,4157,4,INTERNSHIP,40849
RESEARCH,"Savala, Paul Daniel",['F'],14:00 - 16:50,JBWS 363,MATH,4157,5,INTERNSHIP,40850
RESEARCH,"Sherman, Casey Lynn",['F'],14:00 - 16:50,JBWS 363,MATH,4157,6,INTERNSHIP,40851
RESEARCH,"Talafha, Ahmad Mahmoud Abdelhamid",['F'],14:00 - 16:50,JBWS 363,MATH,4157,7,INTERNSHIP,40852
PIANO CLASS I,"Cruz, Karla Kristene","['T', 'Th']",14:00 - 15:15,EAST None,MUSI,1281,1,,40389
APPLIED VOICE I,,[],,None None,MUSI,2143,1,EXCHANGE ELIGIBLE,40390
APPLIED VOICE I,"Chipman, Larissa",[],,None None,MUSI,2143,2,REPEATABLE FOR DEGREE CREDIT,40391
APPLIED VOICE II,,[],,None None,MUSI,4143,1,REPEATABLE FOR DEGREE CREDIT,40392
APPLIED VOICE II,"Chipman, Larissa",[],,None None,MUSI,4143,2,REPEATABLE FOR DEGREE CREDIT,40393
SEU SINGERS,"Cruz, Karla Kristene","['T', 'Th']",17:00 - 18:15,RAGS 101,MUSI,4199,1,REPEATABLE FOR DEGREE CREDIT,40394
INTRO TO ART &amp; SCIENCE OF NURSING,"Hoskote, Ashwini",['T'],08:00 - 10:00,FLEC None,NURS,3210,1,EXCHANGE ELIGIBLE,40254
INTRO TO ART &amp; SCIENCE OF NURSING,"Hoskote, Ashwini",['W'],08:00 - 10:00,MOOD 209,NURS,3210,2,EXCHANGE ELIGIBLE,40255
AGING ISSUES &amp; CARE FOR OLDER ADULTS,,['F'],12:00 - 15:00,FLEC None,NURS,3318,1,EXCHANGE ELIGIBLE,40256
RESEARCH &amp; EVIDENCE-BASED PRACTICE,"Allen, Catherine Dyan",['M'],08:00 - 11:00,FLEC None,NURS,3321,1,EXCHANGE ELIGIBLE,40257
"HEALTH, WELLNESS, &amp; PHYSICAL ASSESSMENT ACROSS LIFE SPAN","Zhong, Yu",['M'],08:00 - 10:00,FLEC None,NURS,3332,1,,40258
"HEALTH, WELLNESS, &amp; PHYSICAL ASSESSMENT ACROSS LIFE SPAN","Allen, Catherine Dyan",['Th'],08:00 - 10:00,FLEC None,NURS,3332,2,,40259
PATHOPHYSIOLOGY/PHARMACOLOGY ABSN,,"['M', 'W']",08:00 - 10:00,MOOD 209,NURS,3420,1,EXCHANGE ELIGIBLE,40260
PATHOPHYSIOLOGY/PHARMACOLOGY ABSN,,"['M', 'W']",10:30 - 12:30,None None,NURS,3420,2,EXCHANGE ELIGIBLE,40261
ESSENTIALS OF NURSING PRACTICE,"Sun, Bora",['M'],10:30 - 13:30,MOOD 209,NURS,3635,1,,40262
ESSENTIALS OF NURSING PRACTICE,"Sun, Bora",['W'],10:30 - 13:30,MOOD 209,NURS,3635,2,,40263
"FAMILY HEALTH: WOMEN, CHILDREN, FAMILIES","Naiman, Jesica",['M'],12:00 - 14:00,FLEC None,NURS,4442,1,,40264
"FAMILY HEALTH: WOMEN, CHILDREN, FAMILIES","Allen, Catherine Dyan",['W'],12:00 - 14:00,FLEC None,NURS,4442,2,,40896
ACUTE/COMPLEX NURSING II,"Graves, Donna L",['W'],08:00 - 11:00,FLEC None,NURS,4640,1,,40265
ROLE IDENTITY &amp; CAREER DEVELOP,,[],,None None,NURS,6202,1,,40862
THEORETICAL APPLICATION FOR HEALTHCARE PROFESSIONAL,,[],,None None,NURS,6303,1,,40863
"BIOSTATICS, EPIDEMIOLOGY &amp; POPULATION HEALTH",,[],,None None,NURS,6305,1,,40866
FOUNDATIONS OF HEALTHCARE QUALITY &amp; SAFETY IMPROVEMENT,,[],,None None,NURS,6306,1,,40865
"LEADERSHIP, POLICY, &amp; ETHICS",,[],,None None,NURS,6307,1,,40864
OCCUPATIONAL THERAPY FOUNDATIONS,,['W'],13:00 - 16:00,None None,OCTH,7303,1,,40870
"OCCUPATION, HEALTH &amp; WELLNESS",,['F'],08:00 - 11:00,None None,OCTH,7305,1,,40871
ANALYSIS OF OCCUPATION &amp; ACTIVITY,,['M'],13:00 - 16:00,None None,OCTH,7307,1,,40867
CLINICAL REASONING &amp; EVIDENCE INFORMED PRACTICE,,['W'],09:00 - 12:00,None None,OCTH,7309,1,,40869
APPLIED ANATOMY &amp; NEUROSCIENCE,,"['T', 'Th']",10:00 - 12:00,None None,OCTH,7401,1,,40868
DATA ANALYTICS FOR LEADERS,"Bennett, Lance Kyle",['W'],19:00 - 20:30,None None,MSOL,6308,1,,40075
CONFLICT ANALYSIS &amp; RESOLUTION,"Avery, Henry Clifton",['T'],19:00 - 20:30,None None,MSOL,6311,1,,40076
HISTORY OF PHILOSOPHY III,"Wake, Peter Anthony","['M', 'W']",14:00 - 15:15,MOOD 303,PHIL,2318,1,GE GLOBAL PERSPECTIVES,40395
ETHICAL ANALYSIS,,"['M', 'W', 'F']",10:00 - 10:50,TRUS 203,PHIL,2329,1,EXCHANGE ELIGIBLE,40396
ETHICAL ANALYSIS,,"['M', 'W', 'F']",11:00 - 11:50,MOOD 302,PHIL,2329,2,EXCHANGE ELIGIBLE,40397
ETHICAL ANALYSIS,,"['M', 'W', 'F']",09:00 - 09:50,TRUS 203,PHIL,2329,3,EXCHANGE ELIGIBLE,40398
ETHICAL ANALYSIS,"Musselman, Jack Donahue","['T', 'Th']",09:30 - 10:45,MOOD 300,PHIL,2329,4,EXCHANGE ELIGIBLE,40399
ETHICAL ANALYSIS,"Musselman, Jack Donahue","['T', 'Th']",11:00 - 12:15,MOOD 300,PHIL,2329,5,EXCHANGE ELIGIBLE,40400
LEGAL ETHICS,"Musselman, Jack Donahue",[],,None None,PHIL,3301,1,GE ETHICS,40401
ETHICS &amp; PUBLIC POLICY,"Wake, Peter Anthony","['M', 'W']",14:00 - 15:15,MOOD 303,PHIL,3302,1,GE ETHICS,40402
MEDICAL ETHICS,"Cherry, Mark J.",['T'],18:30 - 21:20,JBWS 363,PHIL,3311,1,GE ETHICS,40403
MEDICAL ETHICS,"Cherry, Mark J.",['M'],18:30 - 21:20,TRUS 214,PHIL,3311,2,GE ETHICS,40404
BUSINESS ETHICS,"Wake, Peter Anthony","['M', 'W']",15:30 - 16:45,MOOD 303,PHIL,3313,1,GE ETHICS,40405
BUSINESS ETHICS,"Wake, Peter Anthony","['T', 'Th']",14:00 - 15:15,MOOD 302,PHIL,3313,2,GE ETHICS,40406
THEORY OF KNOWING,"Wake, Peter Anthony","['T', 'Th']",12:30 - 13:45,MOOD 302,PHIL,3337,1,GE MM WRITING RICH - UPPER,40407
DIRECTED READINGS IN PHILOSOPHY,"Musselman, Jack Donahue","['T', 'Th']",17:00 - 18:15,TRUS 216,PHIL,4341,1,GE MM WRITING RICH - UPPER,40408
INTERNSHIP IN PHILOSOPHY,"Musselman, Jack Donahue",[],,None None,PHIL,4350,1,INTERNSHIP,40409
ANALOG PHOTOGRAPHY I,"Reeves, Petra","['M', 'W']",12:00 - 13:45,ARTS 120,PHOT,1318,1,EXCHANGE ELIGIBLE,40410
STYLES &amp; THEMES: HANDMADE BOOKS,"Vitone, Joseph","['M', 'W']",14:30 - 16:15,ARTS 120,PHOT,3322,1,REPEATABLE FOR DEGREE CREDIT,40411
LARGE CAMERA,"Vitone, Joseph","['M', 'W']",12:00 - 13:50,ARTS 120,PHOT,3334,1,TRAVEL-DOMESTIC,40412
INTERNSHIP IN PHOTOGRAPHY AND MEDIA ARTS,"Lievens, Robert Daniel",['F'],11:00 - 11:50,None None,PHOT,4350,1,EXCHANGE ELIGIBLE,40413
MECHANICS &amp; WAVES LAB,"Estes, Mark Joseph",['T'],14:00 - 16:50,JBWS 362,PHYS,2125,1,EXCHANGE ELIGIBLE,40854
MECHANICS AND WAVES,"Baumann, Mark Chapple","['T', 'Th']",08:00 - 09:15,JBWS 366,PHYS,2320,1,EXCHANGE ELIGIBLE,40855
UNIVERSITY PHYSICS I,"Maleki, Parastoo","['T', 'Th']",08:00 - 10:50,JBWS 362,PHYS,2425,1,EXCHANGE ELIGIBLE,40856
UNIVERSITY PHYSICS I,"Walter, Paul J","['M', 'W']",14:00 - 16:50,JBWS 362,PHYS,2425,2,EXCHANGE ELIGIBLE,40857
RESEARCH IN PHYSICS,"Walter, Paul J",[],,None None,PHYS,4157,1,INTERNSHIP,40858
AMERICAN NATIONAL GOVERNMENT,"Long, Nicholas C.","['M', 'W', 'F']",12:00 - 12:50,TRUS 112,POLS,1305,1,GE DIVERSE AMERICAN PERSPECTVS,40136
AMERICAN NATIONAL GOVERNMENT,"Long, Nicholas C.","['M', 'W', 'F']",13:00 - 13:50,TRUS 112,POLS,1305,2,GE DIVERSE AMERICAN PERSPECTVS,40137
STATE AND LOCAL GOVERNMENT,"Long, Nicholas C.",[],,None None,POLS,1306,1,GE DIVERSE AMERICAN PERSPECTVS,40135
RESEARCH METHODS IN POLITICAL,"Nunes, Rodrigo Marinho","['M', 'W']",14:00 - 15:15,TRUS 303,POLS,2319,1,EXCHANGE ELIGIBLE,40882
THE CIVICS LAB,"Concilio, Amy Lynn","['T', 'Th']",11:00 - 12:15,JBWS 163,POLS,2322,1,AEL FIELD EXPERIENCE,40138
INTERNATIONAL RELATIONS,"Guner, Selin Ece","['T', 'Th']",09:30 - 10:45,DOYL 134,POLS,2332,1,,40139
COMPARATIVE POLITICS,"Nichols, William E.","['T', 'Th']",14:00 - 15:15,DOYL 130,POLS,2341,1,GE GLOBAL PERSPECTIVES,40141
POLITICAL THEORY,"Guner, Selin Ece","['T', 'Th']",12:30 - 13:45,DOYL 134,POLS,2347,1,,40142
INTERNATIONAL POLITICS OF RUSSIA,"Cross, Sharyl Nicolette","['T', 'Th']",09:30 - 10:45,MOOD 302,POLS,2349,1,REPEATABLE FOR DEGREE CREDIT,40144
MODEL OAS,"Nunes, Rodrigo Marinho","['T', 'Th']",15:30 - 16:45,DOYL 132,POLS,2349,2,AEL DOMESTIC TRAVEL,40146
THE U.S. CONGRESS,"Long, Nicholas C.","['M', 'W', 'F']",11:00 - 11:50,TRUS 112,POLS,4324,1,,40143
INTERNATIONAL POLITICS OF RUSSIA,"Cross, Sharyl Nicolette","['T', 'Th']",09:30 - 10:45,MOOD 302,POLS,4349,1,REPEATABLE FOR DEGREE CREDIT,40145
MODEL OAS,"Nunes, Rodrigo Marinho","['T', 'Th']",15:30 - 16:45,DOYL 132,POLS,4349,2,AEL DOMESTIC TRAVEL,40147
INTERNSHIP IN POLITICAL SCIENCE,"Lee, Jooyoun","['T', 'Th']",08:00 - 09:15,DOYL 130,POLS,4350,1,GE MM EXP LEARNING SOC JUSTICE,40148
SENIOR SEMINAR IN POLITICAL SCIENCE,"Lee, Jooyoun","['M', 'W']",14:00 - 15:15,TRUS 118,POLS,4360,1,GE MM WRITING RICH - UPPER,40149
INTERNSHIP IN POLITICAL SCIENCE,"Lee, Jooyoun","['T', 'Th']",08:00 - 09:15,DOYL 130,POLS,4650,1,GE MM EXP LEARNING SOC JUSTICE,40150
TOPICS IN PSYCHOLOGY:,"Williams, Jeannetta G.","['M', 'W']",11:00 - 11:50,DOYL 134,PSYC,2249,1,REPEATABLE FOR DEGREE CREDIT,40151
GENERAL PSYCHOLOGY,"Disch, Michael","['T', 'Th']",09:30 - 10:45,TRUS 211,PSYC,2301,1,EXCHANGE ELIGIBLE,40152
GENERAL PSYCHOLOGY,"Disch, Michael","['T', 'Th']",11:00 - 12:15,TRUS 211,PSYC,2301,2,EXCHANGE ELIGIBLE,40153
GENERAL PSYCHOLOGY,"Paskos, Delia Kothmann","['M', 'W', 'F']",12:00 - 12:50,DOYL 130,PSYC,2301,3,EXCHANGE ELIGIBLE,40154
GENERAL PSYCHOLOGY,"Paskos, Delia Kothmann","['M', 'W', 'F']",13:00 - 13:50,DOYL 130,PSYC,2301,4,EXCHANGE ELIGIBLE,40155
HUMAN SEXUALITY,"Goldey, Katherine Luciana","['M', 'W', 'F']",12:00 - 12:50,TRUS 113,PSYC,2306,1,GE MM SOCIAL IDENTITIES,40156
HUMAN SEXUALITY,"Goldey, Katherine Luciana","['M', 'W', 'F']",13:00 - 13:50,TRUS 113,PSYC,2306,2,GE MM SOCIAL IDENTITIES,40157
CHILD DEVELOPMENT,"Martin, Moira Caitlin","['T', 'Th']",15:30 - 16:45,TRUS 211,PSYC,2308,1,,40158
LIFESPAN DEVELOPMENT,"Disch, Michael","['M', 'W', 'F']",10:00 - 10:50,DOYL 134,PSYC,2310,1,EXCHANGE ELIGIBLE,40159
LIFESPAN DEVELOPMENT,"Martin, Moira Caitlin","['T', 'Th']",12:30 - 13:45,TRUS 211,PSYC,2310,2,EXCHANGE ELIGIBLE,40160
LIFESPAN DEVELOPMENT,"Martin, Moira Caitlin",[],,None None,PSYC,2310,3,EXCHANGE ELIGIBLE,40161
THEORIES OF PERSONALITY,"Williams, Jeannetta G.","['M', 'W']",14:00 - 15:15,DOYL 134,PSYC,2316,1,,40162
STATISTICS,"Rackley, Kadie Renee","['M', 'W', 'F']",10:00 - 10:50,TRUS 118,PSYC,2317,1,EXCHANGE ELIGIBLE,40163
STATISTICS,"Rackley, Kadie Renee","['M', 'W', 'F']",11:00 - 11:50,TRUS 118,PSYC,2317,2,EXCHANGE ELIGIBLE,40164
STATISTICS,"Rackley, Kadie Renee","['M', 'W', 'F']",12:00 - 12:50,TRUS 118,PSYC,2317,3,EXCHANGE ELIGIBLE,40165
BIOPSYCHOLOGY,"Barton, Emily","['T', 'Th']",09:30 - 10:45,MOOD 307,PSYC,2321,1,,40166
BIOPSYCHOLOGY,"Barton, Emily",[],,None None,PSYC,2321,2,,40167
CHEMICAL DEPENDENCY ISSUES,"Trevino, Katherine","['M', 'W', 'F']",10:00 - 10:50,DOYL 132,PSYC,2326,1,GE MM SOCIAL IDENTITIES,40168
CHEMICAL DEPENDENCY ISSUES,"Castaneda, Carlos Jesus","['T', 'Th']",12:30 - 13:45,MOOD 303,PSYC,2326,2,GE MM SOCIAL IDENTITIES,40169
HEALTH PSYCHOLOGY,"Martin, Moira Caitlin","['T', 'Th']",14:00 - 15:15,TRUS 211,PSYC,2349,1,REPEATABLE FOR DEGREE CREDIT,40170
YOUR MIND IS PLAYING TRICKS ON YOU: COGNITIVE PSYC IN REAL WORLD,"Disch, Michael","['M', 'W', 'F']",09:00 - 09:50,DOYL 134,PSYC,2349,2,REPEATABLE FOR DEGREE CREDIT,40171
SOCIAL PSYCHOLOGY,"Martel, Francois Alexi","['M', 'W']",14:00 - 15:15,LIBR 143,PSYC,3319,1,GE MM SOCIAL IDENTITIES,40172
SOCIAL PSYCHOLOGY,"Williams, Jeannetta G.","['M', 'W']",15:30 - 16:45,DOYL 134,PSYC,3319,2,GE MM SOCIAL IDENTITIES,40173
ADDICTION COUNSEL ETHICS &amp; PRACTICE I,"Trevino, Katherine","['M', 'W', 'F']",12:00 - 12:50,DOYL 132,PSYC,3333,1,,40174
COUNSELING AND TREATMENT FOR SUBSTANCE DISORDERS,"Trevino, Katherine","['M', 'W', 'F']",11:00 - 11:50,DOYL 132,PSYC,3356,1,,40175
RESEARCH METHODS,"Goldey, Katherine Luciana","['T', 'Th']",09:30 - 10:45,DOYL 103,PSYC,3438,1,GE MM WRITING RICH - UPPER,40176
RESEARCH METHODS,"Martel, Francois Alexi",['Th'],11:30 - 12:20,DOYL 103,PSYC,3438,2,GE MM WRITING RICH - UPPER,40177
RESEARCH METHODS,"Martel, Francois Alexi","['M', 'W']",15:30 - 16:45,DOYL 103,PSYC,3438,3,GE MM WRITING RICH - UPPER,40178
"TRAUMA INFORMED CARE WITH CHILDREN, TEENS, AND FAMILIES","McCormick, Adam Gene","['M', 'W', 'F']",13:00 - 13:50,DOYL 132,PSYC,4325,1,GE MM SOCIAL IDENTITIES,40207
PSYCHOPATHOLOGY,"Velez, Melissa Mendoza","['T', 'Th']",11:00 - 12:15,DOYL 132,PSYC,4341,1,ISP CRITICAL THINKING,40179
PSYCHOPATHOLOGY,"Velez, Melissa Mendoza","['T', 'Th']",12:30 - 13:45,DOYL 132,PSYC,4341,2,ISP CRITICAL THINKING,40180
PSYCHOPATHOLOGY,"Velez, Melissa Mendoza",[],,None None,PSYC,4341,3,ISP CRITICAL THINKING,40181
THE VIOLENT SEX OFFENDER,"Paskos, Delia Kothmann","['T', 'Th']",09:30 - 10:45,None None,PSYC,4345,1,ISP CRITICAL THINKING,40182
LATINE PSYCHOLOGY,"Velez, Melissa Mendoza","['M', 'W']",14:00 - 15:15,DOYL 130,PSYC,4349,1,REPEATABLE FOR DEGREE CREDIT,40183
PSYCHOLOGY IN HARRY POTTER,"Rackley, Kadie Renee","['T', 'Th']",14:00 - 15:15,DOYL 132,PSYC,4349,2,REPEATABLE FOR DEGREE CREDIT,40184
NEURODEVELOPMENTAL DIFFERENCES: EXPLORING AUTISM &amp; ADHD,"Castaneda, Carlos Jesus","['T', 'Th']",11:00 - 12:15,MOOD 303,PSYC,4349,3,REPEATABLE FOR DEGREE CREDIT,40185
RESEARCH &amp; FIELD EXPERIENCE,"Barton, Emily",[],,None None,PSYC,4359,1,GE MM EXP LEARNING SOC JUSTICE,40186
RESEARCH &amp; FIELD EXPERIENCE,"Paskos, Delia Kothmann",[],,None None,PSYC,4359,2,GE MM EXP LEARNING SOC JUSTICE,40187
CONTENT AREA LITERACY,"Jackson, Kathleen M.",['M'],18:30 - 21:20,TRUS 112,READ,4343,1,TRAVEL-DOMESTIC,40188
INTRO TO GLOBAL RELIGIONS,"Puett, Tiffany Dawn","['T', 'Th']",09:30 - 10:45,JBWS 366,RELS,1304,1,EXCHANGE ELIGIBLE,40414
INTRO TO GLOBAL RELIGIONS,"Bertetta, Joshua A.","['M', 'W']",17:00 - 18:15,TRUS 116,RELS,1304,2,EXCHANGE ELIGIBLE,40415
INTRO TO GLOBAL RELIGIONS,"Puett, Tiffany Dawn","['T', 'Th']",11:00 - 12:15,JBWS 366,RELS,1304,3,EXCHANGE ELIGIBLE,40416
BASIC CHRISTIAN QUESTIONS,"Combs, Justin","['M', 'W']",14:00 - 15:15,MOOD 304,RELS,1315,1,EXCHANGE ELIGIBLE,40417
BASIC CHRISTIAN QUESTIONS,"Combs, Justin","['M', 'W']",15:30 - 16:45,MOOD 304,RELS,1315,2,EXCHANGE ELIGIBLE,40418
BASIC CHRISTIAN QUESTIONS,"Montgomery-Goodnough, Angelique","['T', 'Th']",09:30 - 10:45,TRUS 104,RELS,1315,3,EXCHANGE ELIGIBLE,40419
INTRODUCTION TO CATHOLICISM,"Scruggs, Mathew","['M', 'W', 'F']",10:00 - 10:50,TRUS 104,RELS,1316,1,EXCHANGE ELIGIBLE,40420
INTRODUCTION TO CATHOLICISM,"Scruggs, Mathew","['M', 'W', 'F']",11:00 - 11:50,TRUS 104,RELS,1316,2,EXCHANGE ELIGIBLE,40421
INTRODUCTION TO CATHOLICISM,"Montgomery-Goodnough, Angelique","['T', 'Th']",08:00 - 09:15,TRUS 104,RELS,1316,3,EXCHANGE ELIGIBLE,40422
FILM AND RELIGION,"Scruggs, Mathew","['M', 'W']",14:00 - 15:15,MOOD 206,RELS,2319,1,GE STUDIES IN THEO &amp; RELIGION,40423
INTRO TO THE HEBREW BIBLE,"Coblentz Bautch, Kelley Norene","['M', 'W']",15:30 - 16:45,MOOD 205,RELS,2321,1,EXCHANGE ELIGIBLE,40424
"JUSTICE, PEACE AND LIBERATION","Scruggs, Mathew","['T', 'Th']",12:30 - 13:45,TRUS 303,RELS,2323,1,EXCHANGE ELIGIBLE,40425
"JUSTICE, PEACE AND LIBERATION","Scruggs, Mathew","['T', 'Th']",15:30 - 16:45,TRUS 116,RELS,2323,2,EXCHANGE ELIGIBLE,40426
WOMEN AND THE BIBLE,"Coblentz Bautch, Kelley Norene","['T', 'Th']",11:00 - 12:15,MOOD 205,RELS,2326,1,EXCHANGE ELIGIBLE,40427
WOMEN AND THE BIBLE,"Coblentz Bautch, Kelley Norene","['T', 'Th']",14:00 - 15:15,MOOD 205,RELS,2326,2,EXCHANGE ELIGIBLE,40428
SENIOR SEMINAR IN RELIGIOUS STUDIES,"Bautch, Richard J.","['T', 'Th']",09:30 - 10:45,HOLY 402,RELS,4342,1,EXCHANGE ELIGIBLE,40429
MENTORED RESEARCH,"Bautch, Richard J.","['T', 'Th']",09:30 - 10:45,HOLY 402,RELS,4351,1,EXCHANGE ELIGIBLE,40430
DUAL DEGREE PROG: APU,"Nichols, William E.",[],,None None,SADU,4005,1,AEL ABROAD TRAVEL,40243
DUAL DEGREE PROG: APU,"Nichols, William E.",[],,None None,SADU,41201,1,AEL ABROAD TRAVEL,40244
DUAL DEGREE PROG: APU,"Nichols, William E.",[],,None None,SADU,41501,1,AEL ABROAD TRAVEL,40245
"SCIENCE EXPLORATION: MYTHS, MYSTERIES &amp; THE TRUTH","Lopez, Genaro","['T', 'Th']",09:30 - 10:45,JBWS 261,SCIE,2324,1,EXCHANGE ELIGIBLE,40859
"SCIENCE EXPLORATION: MYTHS, MYSTERIES &amp; THE TRUTH","Lopez, Genaro","['T', 'Th']",11:00 - 12:15,JBWS 261,SCIE,2324,2,EXCHANGE ELIGIBLE,40860
INTRODUCTION TO SOCIAL WORK,"McCormick, Adam Gene","['M', 'W', 'F']",11:00 - 11:50,DOYL 130,SOCW,1301,1,GE DIVERSE AMERICAN PERSPECTVS,40197
THE U.S. SOCIAL SAFETY NET,"Heffron, Laurie Cook","['T', 'Th']",12:30 - 13:45,MOOD 206,SOCW,2318,1,GE DIVERSE AMERICAN PERSPECTVS,40198
BREAK SCHOOL-PRISON PIPELINE,"Beck Aguilera, Natalie Deann","['T', 'Th']",09:30 - 10:45,TRUS 113,SOCW,2322,1,GE DIVERSE AMERICAN PERSPECTVS,40199
CHEMICAL DEPENDENCY ISSUES,"Trevino, Katherine","['M', 'W', 'F']",10:00 - 10:50,DOYL 132,SOCW,2326,1,GE MM SOCIAL IDENTITIES,40200
CHEMICAL DEPENDENCY ISSUES,"Castaneda, Carlos Jesus","['T', 'Th']",12:30 - 13:45,MOOD 303,SOCW,2326,2,GE MM SOCIAL IDENTITIES,40201
FAMILIES &amp; INTIMATE RELATIONSHIPS,"McCormick, Adam Gene","['M', 'W']",14:00 - 15:15,DOYL 132,SOCW,3327,1,GE MM SOCIAL IDENTITIES,40203
HUMAN BEHAVIOR AND THE SOCIAL ENVIRONMENT,"McCormick, Adam Gene","['M', 'W']",15:30 - 16:45,DOYL 132,SOCW,3331,1,ISP CRITICAL THINKING,40205
"TRAUMA INFORMED CARE WITH CHILDREN, TEENS, AND FAMILIES","McCormick, Adam Gene","['M', 'W', 'F']",13:00 - 13:50,DOYL 132,SOCW,4324,1,,40206
"RACE, CLASS AND GENDER","Whalley, Shane","['T', 'Th']",11:00 - 12:15,TRUS 215,SOCW,4343,1,GE MM SOCIAL IDENTITIES,40208
PRACTICE &amp; THEORY WITH ORGS &amp; COMMUNITIES,"Heffron, Laurie Cook","['T', 'Th']",14:00 - 15:15,MOOD 206,SOCW,4344,1,GE MM WRITING RICH - UPPER,40209
PRACTICUM AND SEMINAR I,"Beck Aguilera, Natalie Deann","['M', 'W']",09:00 - 11:30,MOOD 300,SOCW,4650,1,GE MM EXP LEARNING SOC JUSTICE,40210
PRACTICUM AND SEMINAR II,"Beck Aguilera, Natalie Deann","['M', 'W']",09:00 - 11:30,MOOD 300,SOCW,4651,1,GE MM EXP LEARNING SOC JUSTICE,40211
SELF AND SOCIETY,"Echevarria Cruz, Samuel","['T', 'Th']",15:30 - 16:45,MOOD 206,SOCI,1301,1,GE DIVERSE AMERICAN PERSPECTVS,40189
SELF AND SOCIETY,,[],,None None,SOCI,1301,2,GE DIVERSE AMERICAN PERSPECTVS,40190
THE US SOCIAL SAFETY NET,"Heffron, Laurie Cook","['T', 'Th']",12:30 - 13:45,MOOD 206,SOCI,2318,1,GE DIVERSE AMERICAN PERSPECTVS,40191
SOCIAL THEORY,"Echevarria Cruz, Samuel","['T', 'Th']",14:00 - 15:15,MOOD 204,SOCI,2345,1,,40192
GALACTIC JUSTICE: LAW &amp; ORDER IN STAR WARS,"Cabage, LeAnn Nicole","['T', 'Th']",12:30 - 13:45,MOOD 203,SOCI,2349,1,REPEATABLE FOR DEGREE CREDIT,40883
FAMILIES &amp; INTIMATE RELATIONSHIPS,"McCormick, Adam Gene","['M', 'W']",14:00 - 15:15,DOYL 132,SOCI,3327,1,GE MM SOCIAL IDENTITIES,40194
"RACE, CLASS AND GENDER","Whalley, Shane","['T', 'Th']",11:00 - 12:15,TRUS 215,SOCI,4343,1,GE MM SOCIAL IDENTITIES,40196
GALACTIC JUSTICE: LAW &amp; ORDER IN STAR WARS,"Cabage, LeAnn Nicole","['T', 'Th']",12:30 - 13:45,MOOD 203,SOCI,4349,1,REPEATABLE FOR DEGREE CREDIT,40193
SPANISH I (INTRODUCTORY),"Faunes, Regina","['M', 'W', 'F']",09:00 - 09:50,TRUS 113,SPAN,1311,1,EXCHANGE ELIGIBLE,40431
SPANISH I (INTRODUCTORY),"Faunes, Regina","['M', 'W', 'F']",10:00 - 10:50,TRUS 113,SPAN,1311,2,EXCHANGE ELIGIBLE,40432
SPANISH I (INTRODUCTORY),"Hammett, Emily","['M', 'W', 'F']",11:00 - 11:50,JBWN 204,SPAN,1311,3,EXCHANGE ELIGIBLE,40433
SPANISH I (INTRODUCTORY),,"['M', 'W', 'F']",12:00 - 12:50,TRUS 216,SPAN,1311,4,EXCHANGE ELIGIBLE,40434
SPANISH II (INTRODUCTORY),,"['M', 'W', 'F']",10:00 - 10:50,JBWS 361,SPAN,1312,1,GE MODERN LANGUAGE,40435
SPANISH II (INTRODUCTORY),,"['M', 'W', 'F']",12:00 - 12:50,TRUS 303,SPAN,1312,2,GE MODERN LANGUAGE,40436
SPANISH II (INTRODUCTORY),"Bernate, Emily Denise","['T', 'Th']",09:30 - 10:45,MOOD 202,SPAN,1312,3,GE MODERN LANGUAGE,40437
SPANISH II (INTRODUCTORY),"Bernate, Emily Denise","['T', 'Th']",11:00 - 12:15,MOOD 202,SPAN,1312,4,GE MODERN LANGUAGE,40438
SPANISH III (INTERMEDIATE),"Faunes, Regina","['M', 'W', 'F']",12:00 - 12:50,TRUS 211,SPAN,2311,1,GE MODERN LANGUAGE,40439
TOPICS IN HISPANIC STUDIES:,"Bernate, Emily Denise","['T', 'Th']",14:00 - 15:15,MOOD 202,SPAN,2351,1,GE MODERN LANGUAGE,40440
SPANISH GRAMMAR IN CONTEXT,"Bernate, Emily Denise","['T', 'Th']",15:30 - 16:45,MOOD 202,SPAN,3330,1,GE MODERN LANGUAGE,40441
INTRO TO BUSINESS SPANISH,"Seminet, Georgia",[],,None None,SPAN,3335,1,GE MODERN LANGUAGE,40442
INTRO TO LATIN AMERICA LITERATURE,"Faunes, Regina","['M', 'W']",14:00 - 15:15,JBWS 161,SPAN,3336,1,GE EXPLORING ARTISTIC WORKS,40443
SPANISH FOR HEALTH &amp; HELPING PROFESSIONALS,"Seminet, Georgia",[],,None None,SPAN,3355,1,GE MM SOCIAL IDENTITIES,40444
LANGUAGE-INSTRUCTION INTERNSHIP,,[],,None None,SPAN,4352,1,INTERNSHIP,40445
INTERNSHIP-ADV SPANISH FOR HEALTH &amp; HELPING PROFESSIONS,,[],,None None,SPAN,4363,1,INTERNSHIP,40446
INTRO TO SPECIAL EDUCATION,,"['T', 'Th']",08:00 - 09:15,DOYL 132,SPED,2324,1,GE MM EXP LEARNING SOC JUSTICE,40212
WASHINGTON UNIV. - ST. LOUIS,"Early, Edward F.",[],,None None,ESPG,4014,1,REPEATABLE FOR DEGREE CREDIT,40248
UTMB,"Early, Edward F.",[],,None None,ESPG,4016,1,REPEATABLE FOR DEGREE CREDIT,40249
THEATER SKILLS I: STAGECRAFT AND LIGHTING,"Carpenter, Joe Lee","['T', 'Th']",12:30 - 13:45,ARTS 140,THAR,1330,1,EXCHANGE ELIGIBLE,40447
THEATER SKILLS II: COSTUME AND MAKEUP,"Towne, Susan Branch","['T', 'Th']",12:30 - 13:45,ARTS 147,THAR,1331,1,EXCHANGE ELIGIBLE,40448
ACTING I,"Skidis, Anna M","['M', 'W']",12:00 - 13:45,None None,THAR,1351,1,EXCHANGE ELIGIBLE,40449
BASIC THEATER PRACTICUM,"Eader, Kathryn Anne",[],,None None,THAR,2160,1,AEL CREATIVE WORKS,40450
DRAFTING FOR THE THEATER,"Eader, Kathryn Anne","['T', 'Th']",10:00 - 11:45,ARTS 140,THAR,2304,1,,40451
DESIGN FOR PERFORMANCE,"Towne, Susan Branch","['T', 'Th']",15:30 - 16:45,ARTS 140,THAR,2310,1,EXCHANGE ELIGIBLE,40452
HISTORY OF COSTUME &amp; DECOR,"Towne, Susan Branch","['M', 'W']",09:30 - 10:45,ARTS 140,THAR,2314,1,GE MM WRITING RICH - LOWER,40453
INTRODUCTION TO VOICE ACTING,"Gordon, Sheila Marie","['M', 'W']",15:30 - 16:45,ARTS 140,THAR,2315,1,,40454
COSTUME TECHNOLOGY,"Towne, Susan Branch","['M', 'W']",12:30 - 13:45,ARTS 147,THAR,2320,1,AEL CREATIVE WORKS,40455
PLAY ANALYSIS,"Eader, Kathryn Anne","['T', 'Th']",15:30 - 16:45,TRUS 118,THAR,2347,1,EXCHANGE ELIGIBLE,40456
THEATER HISTORY I,"Braun, Timothy Andrew","['T', 'Th']",14:00 - 15:15,LIBR 143,THAR,2361,1,EXCHANGE ELIGIBLE,40457
BFA SENIOR FILM PREP,"Allen, Sally Ann",['F'],09:00 - 09:50,ARTS 141,THAR,3136,1,REPEATABLE FOR DEGREE CREDIT,40458
ADVANCED THEATER PRACTICUM,"Eader, Kathryn Anne",[],,None None,THAR,3170,1,AEL CREATIVE WORKS,40459
MUSICAL THEATER PERFORMANCE,,['F'],13:30 - 14:45,ARTS 141,THAR,3220,1,,40460
VOICE I,"Gordon, Sheila Marie","['M', 'W']",10:30 - 11:45,ARTS 141,THAR,3307,1,GE MM WRITING RICH - UPPER,40461
ACTING FOR THE CAMERA I,"Allen, Sally Ann",['F'],10:00 - 12:50,ARTS 141,THAR,3322,1,TRAVEL-DOMESTIC,40462
MAKE-UP DESIGN,"Downs, Jeffery Todd","['M', 'W']",17:00 - 18:15,ARTS 140,THAR,3326,1,AEL CREATIVE WORKS,40463
TECHNOLOGY STUDIO,"Eader, Kathryn Anne","['M', 'W']",09:00 - 10:45,THAR None,THAR,3328,1,AEL CREATIVE WORKS,40541
PERFORMANCE II,"George, Babetta","['T', 'Th']",10:00 - 11:45,ARTS 141,THAR,3330,1,TRAVEL-DOMESTIC,40464
PERFORMANCE III,"Gordon, Sheila Marie","['T', 'Th']",13:30 - 15:15,ARTS 141,THAR,3338,1,TRAVEL-DOMESTIC,40465
STAGE MANAGEMENT,"Smith, Robert Alan","['M', 'W']",14:00 - 15:15,MOOD 204,THAR,3340,1,,40466
SPECIAL PROJECTS IN THEATER,"Eader, Kathryn Anne",[],,None None,THAR,4145,1,REPEATABLE FOR DEGREE CREDIT,40467
INTERNSHIP IN THEATER,"Eader, Kathryn Anne",[],,None None,THAR,4150,1,INTERNSHIP,40468
SPECIAL PROJECTS IN THEATER,"Eader, Kathryn Anne",[],,None None,THAR,4245,1,AEL CREATIVE WORKS,40469
INTERNSHIP IN THEATER,"Eader, Kathryn Anne",[],,None None,THAR,4250,1,GE MM EXP LEARNING SOC JUSTICE,40470
VOICE III (DIALECTS),"Gordon, Sheila Marie","['T', 'Th']",12:00 - 13:15,ARTS 141,THAR,4318,1,EXCHANGE ELIGIBLE,40471
DIRECTING,"Skidis, Anna M","['T', 'Th']",15:30 - 16:45,ARTS 141,THAR,4337,1,TRAVEL-DOMESTIC,40472
SCENIC PROJECTS,"Eader, Kathryn Anne",[],,None None,THAR,4342,1,AEL CREATIVE WORKS,40473
LIGHTING PROJECTS,"Eader, Kathryn Anne","['M', 'W']",09:00 - 10:45,THAR None,THAR,4343,1,AEL CREATIVE WORKS,40474
COSTUME PROJECTS,"Towne, Susan Branch",[],,None None,THAR,4344,1,AEL CREATIVE WORKS,40475
SPECIAL PROJECTS IN THEATER,"Eader, Kathryn Anne",[],,None None,THAR,4345,1,AEL CREATIVE WORKS,40476
INTERNSHIP IN THEATER,"Eader, Kathryn Anne",[],,None None,THAR,4350,1,INTERNSHIP,40477
INTRO TO USER EXPERIENCE,"Garza, Kimberly Anne","['T', 'Th']",09:00 - 10:50,None None,UXDE,1301,1,EXCHANGE ELIGIBLE,40478
USER EXPERIENCE METHODS,"Wade, Lisa Marie",[],,None None,UXDE,2311,1,EXCHANGE ELIGIBLE,40480
UX STUDIO: HYBRID MODALITIES,"Garza, Kimberly Anne","['M', 'W']",12:00 - 13:50,None None,UXDE,3322,1,EXCHANGE ELIGIBLE,40481
PRACTICAL PROJECTS,"Garza, Kimberly Anne","['T', 'Th']",12:30 - 14:20,None None,UXDE,3330,1,,40887
HISTORY OF VIDEO GAMES,"Bryant, Robert Denton","['M', 'W', 'F']",11:00 - 11:50,JBWS 186,VGAM,1301,1,EXCHANGE ELIGIBLE,40483
BEGINNING CODING FOR NON-CODERS,"Snavely, Paul","['T', 'Th']",17:30 - 19:20,MOOD 301,VGAM,1310,1,,40484
WORLD BUILDING,"Bryant, Robert Denton","['T', 'Th']",12:30 - 13:45,JBWS 161,VGAM,2318,1,EXCHANGE ELIGIBLE,40485
INTRO TO DIGITAL AUDIO,,"['M', 'W']",17:00 - 18:50,MOOD 301,VGAM,2325,1,,40486
GAME DESIGN STUDIO I,"Johnson, Jeremy Miles","['M', 'W']",14:30 - 16:20,MOOD 301,VGAM,3320,1,GE CREATIVITY AND MAKING,40487
ADVANCED DIGITAL ANIMATION,"Byrne, Bill","['T', 'Th']",09:00 - 10:50,MOOD 301,VGAM,3327,1,EXCHANGE ELIGIBLE,40488
INTERACTIVE STORYTELLING,"Johnson, Jeremy Miles","['T', 'Th']",13:30 - 14:45,MOOD 301,VGAM,3328,1,TRAVEL-DOMESTIC,40489
METHODS OF DIGITAL PRODUCTION,"Garza, Kimberly Anne","['T', 'Th']",11:00 - 12:15,MOOD 301,VGAM,3332,1,EXCHANGE ELIGIBLE,40490
SENIOR GAME STUDIO I,"Johnson, Jeremy Miles","['T', 'Th']",15:00 - 16:50,MOOD 301,VGAM,4345,1,EXCHANGE ELIGIBLE,40491
VISUAL STUDIES I,"Phan, Tuan Duc","['M', 'W']",09:00 - 10:45,ARTS 121,VISU,1311,1,EXCHANGE ELIGIBLE,40492
VISUAL STUDIES I,"Vitone, Joseph","['M', 'W']",17:00 - 18:45,ARTS 120,VISU,1311,3,EXCHANGE ELIGIBLE,40494
PROFESSIONAL PRACTICES,"Lai, Renee Hoi Yee","['T', 'Th']",09:30 - 10:45,ARTS 120,VISU,3335,1,TRAVEL-DOMESTIC,40495
PROFESSIONAL PRACTICES,"Garza, Kimberly Anne","['M', 'W']",14:00 - 15:15,None None,VISU,3335,2,EXCHANGE ELIGIBLE,40496
SCREENPRINTING,"Rebholz, Matt","['M', 'W']",17:00 - 18:50,ARTS 110,VISU,3399,1,EXCHANGE ELIGIBLE,40497
SENIOR STUDIO I,"Vitone, Joseph","['M', 'W']",09:00 - 10:50,ARTS 113,VISU,4340,1,EXCHANGE ELIGIBLE,40498
INTRO WOMEN&#39;S &amp; GENDER STUDIES,"Pinchero, Renee Kathleen","['T', 'Th']",12:30 - 13:45,MOOD 205,WGST,1301,1,EXCHANGE ELIGIBLE,40499
COMMUNITY SERVICE IN WOMEN&#39;S AND GENDER STUDIES,"Clements, Amy Root",[],,None None,WGST,2120,1,EXCHANGE ELIGIBLE,40500
COMMUNITY SERVICE IN WOMEN&#39;S AND GENDER STUDIES,"Clements, Amy Root",[],,None None,WGST,2220,1,EXCHANGE ELIGIBLE,40501
COMMUNITY SERVICE IN WOMEN&#39;S AND GENDER STUDIES,"Clements, Amy Root",[],,None None,WGST,2320,1,GE MM EXP LEARNING SOC JUSTICE,40502
WRITING AND RHETORIC I,,"['M', 'W', 'F']",12:00 - 12:50,JBWS 165,WRIT,1301,1,EXCHANGE ELIGIBLE,40503
WRITING AND RHETORIC I,,"['M', 'W', 'F']",09:00 - 09:50,TRUS 117,WRIT,1301,2,EXCHANGE ELIGIBLE,40504
WRITING AND RHETORIC I,,"['M', 'W', 'F']",10:00 - 10:50,LIBR 143,WRIT,1301,3,EXCHANGE ELIGIBLE,40505
WRITING AND RHETORIC I,,"['M', 'W', 'F']",10:00 - 10:50,TRUS 117,WRIT,1301,4,EXCHANGE ELIGIBLE,40506
WRITING AND RHETORIC I,,"['M', 'W', 'F']",11:00 - 11:50,JBWS 161,WRIT,1301,5,EXCHANGE ELIGIBLE,40507
WRITING AND RHETORIC I,,"['T', 'Th']",09:30 - 10:45,MOOD 206,WRIT,1301,6,EXCHANGE ELIGIBLE,40508
WRITING AND RHETORIC I,,"['T', 'Th']",08:00 - 09:15,TRUS 117,WRIT,1301,7,EXCHANGE ELIGIBLE,40509
WRITING AND RHETORIC I,,"['T', 'Th']",12:30 - 13:45,TRUS 112,WRIT,1301,8,EXCHANGE ELIGIBLE,40510
WRITING AND RHETORIC I,,"['T', 'Th']",14:00 - 15:15,JBWS 366,WRIT,1301,9,EXCHANGE ELIGIBLE,40511
INTRO TO CREATIVE WRITING,,"['T', 'Th']",15:30 - 16:45,JBWS 163,WRIT,2300,1,EXCHANGE ELIGIBLE,40512
INTRO TO CREATIVE WRITING,,"['M', 'W']",14:00 - 15:15,MOOD 205,WRIT,2300,2,EXCHANGE ELIGIBLE,40513
INTRO TO CREATIVE WRITING,,"['T', 'Th']",09:30 - 10:45,MOOD 211,WRIT,2300,3,EXCHANGE ELIGIBLE,40514
WRITING &amp; RHETORIC II,,[],,None None,WRIT,2302,1,,40515
WRITING &amp; RHETORIC II,,[],,None None,WRIT,2302,2,,40516
WRITING &amp; RHETORIC II,,"['M', 'W', 'F']",09:00 - 09:50,TRUS 214,WRIT,2302,3,,40517
WRITING &amp; RHETORIC II,"Loewe, Drew M.","['M', 'W', 'F']",10:00 - 10:50,JBWS 264,WRIT,2302,4,,40518
WRITING &amp; RHETORIC II,"Loewe, Drew M.","['M', 'W', 'F']",11:00 - 11:50,JBWS 264,WRIT,2302,5,,40519
WRITING &amp; RHETORIC II,"Loewe, Drew M.","['M', 'W', 'F']",12:00 - 12:50,JBWS 264,WRIT,2302,6,,40520
WRITING &amp; RHETORIC II,,"['M', 'W', 'F']",13:00 - 13:50,JBWS 264,WRIT,2302,7,,40521
WRITING &amp; RHETORIC II,,"['T', 'Th']",09:30 - 10:45,MOOD 205,WRIT,2302,8,,40522
WRITING &amp; RHETORIC II,,[],,None None,WRIT,2302,9,,40523
WRITING &amp; RHETORIC II,,"['T', 'Th']",12:30 - 13:45,MOOD 304,WRIT,2302,10,,40524
WRITING &amp; RHETORIC II,,[],,None None,WRIT,2302,11,,40525
PLAYWRITING WORKSHOP,"Braun, Timothy Andrew","['T', 'Th']",12:30 - 13:45,LIBR 143,WRIT,2303,1,EXCHANGE ELIGIBLE,40526
PLAYWRITING WORKSHOP,"Braun, Timothy Andrew","['T', 'Th']",15:30 - 16:45,LIBR 143,WRIT,2303,2,EXCHANGE ELIGIBLE,40527
POETRY WORKSHOP I,"West, Sasha Sun","['T', 'Th']",14:00 - 15:15,JBWN 204,WRIT,2312,1,EXCHANGE ELIGIBLE,40528
POETRY WORKSHOP I,"West, Sasha Sun","['T', 'Th']",15:30 - 16:45,JBWN 204,WRIT,2312,2,EXCHANGE ELIGIBLE,40529
FICTION WORKSHOP I,"Specht, Mary Helen","['T', 'Th']",11:00 - 12:15,JBWN 204,WRIT,2314,1,EXCHANGE ELIGIBLE,40530
RHETORIC AND PROPAGANDA,"Loewe, Drew M.","['T', 'Th']",12:30 - 13:45,MOOD 209,WRIT,2325,1,GE MM WRITING RICH - LOWER,40879
FANTASTICAL FICTION,"Specht, Mary Helen","['T', 'Th']",12:30 - 13:45,JBWN 204,WRIT,3310,1,GE CREATIVITY AND MAKING,40531
PROFESSIONAL EDITING,"Loewe, Drew M.","['M', 'W']",15:30 - 16:45,TRUS 112,WRIT,3330,1,GE MM WRITING RICH - UPPER,40532
ADVERTISING AND PUBLICITY,"Clements, Amy Root","['M', 'W', 'F']",13:00 - 13:50,TRUS 118,WRIT,3331,1,,40533
CONTENT AND SOCIAL MEDIA  STRATEGY,"Clements, Amy Root",[],,None None,WRIT,3334,1,,40534
SPECIAL NONFICTION WRITING TOPICS,"Braun, Timothy Andrew","['T', 'Th']",09:30 - 10:45,None None,WRIT,3339,1,REPEATABLE FOR DEGREE CREDIT,40535
PROFESSIONAL WRITING INTERNSHIP,"Clements, Amy Root",[],,None None,WRIT,4150,1,INTERNSHIP,40536
PROFESSIONAL WRITING INTERNSHIP,"Clements, Amy Root",[],,None None,WRIT,4250,1,INTERNSHIP,40537
PROFESSIONAL WRITING INTERNSHIP,"Clements, Amy Root",[],,None None,WRIT,4350,1,INTERNSHIP,40538